{"type":"FeatureCollection","features":[{"type":"Feature","properties":{"name":"Wellington","ref":"WGN"},"geometry":{"type":"MultiPolygon","coordinates":[[[[176.3417,-41.1604],[176.3477,-41.1431],[176.3534,-41.1219],[176.3604,-41.1038],[176.3711,-41.084],[176.3843,-41.07],[176.4054,-41.0554],[176.4216,-41.0421],[176.4375,-41.028],[176.4541,-41.0097],[176.4658,-40.9935],[176.4782,-40.9735],[176.4861,-40.9562],[176.4929,-40.9347],[176.4982,-40.9174],[176.5069,-40.8977],[176.5146,-40.881],[176.5203,-40.8639],[176.5308,-40.8439],[176.5418,-40.8282],[176.5615,-40.8136],[176.332,-40.6976],[176.3284,-40.6964],[176.3269,-40.6958],[176.3256,-40.695],[176.3242,-40.6948],[176.3226,-40.694],[176.3178,-40.6933],[176.3149,-40.693],[176.3126,-40.6937],[176.311,-40.6945],[176.3095,-40.6952],[176.3066,-40.6951],[176.3042,-40.696],[176.302,-40.6957],[176.301,-40.6954],[176.2992,-40.6955],[176.2977,-40.6953],[176.2952,-40.6952],[176.2926,-40.6963],[176.2887,-40.6978],[176.2849,-40.6976],[176.2846,-40.6971],[176.2837,-40.696],[176.2836,-40.6951],[176.2833,-40.6942],[176.2835,-40.6934],[176.2831,-40.6927],[176.2825,-40.6919],[176.2819,-40.6906],[176.2817,-40.6896],[176.2814,-40.6889],[176.2814,-40.687],[176.2824,-40.6857],[176.2817,-40.6846],[176.2801,-40.6838],[176.2782,-40.6832],[176.2764,-40.6829],[176.2757,-40.6827],[176.2742,-40.6809],[176.2738,-40.68],[176.2704,-40.6797],[176.2694,-40.679],[176.2682,-40.6783],[176.2659,-40.6783],[176.2617,-40.6795],[176.2599,-40.6783],[176.2592,-40.6773],[176.2581,-40.6759],[176.2582,-40.6749],[176.2574,-40.6752],[176.2564,-40.6755],[176.2538,-40.6754],[176.2524,-40.6755],[176.2511,-40.6758],[176.2498,-40.6764],[176.2485,-40.6761],[176.2475,-40.6756],[176.246,-40.6771],[176.2439,-40.6777],[176.2427,-40.6786],[176.2417,-40.6794],[176.2402,-40.6805],[176.2402,-40.6793],[176.239,-40.6792],[176.2386,-40.6796],[176.2382,-40.6799],[176.237,-40.6799],[176.2113,-40.6592],[176.1834,-40.6655],[176.1825,-40.6669],[176.1811,-40.6697],[176.179,-40.6695],[176.1741,-40.6693],[176.1663,-40.676],[176.1644,-40.6805],[176.1609,-40.6802],[176.1532,-40.677],[176.1465,-40.68],[176.1444,-40.6806],[176.1434,-40.6803],[176.1442,-40.681],[176.1442,-40.6825],[176.1424,-40.6814],[176.1413,-40.6809],[176.1402,-40.6819],[176.1396,-40.6819],[176.1394,-40.6826],[176.1374,-40.6827],[176.1363,-40.6837],[176.1352,-40.6839],[176.1325,-40.6844],[176.1299,-40.6824],[176.1271,-40.6826],[176.1238,-40.6819],[176.1224,-40.6814],[176.119,-40.6799],[176.1184,-40.6803],[176.1148,-40.6799],[176.1127,-40.6798],[176.1108,-40.6788],[176.108,-40.6772],[176.1074,-40.6748],[176.1053,-40.6733],[176.1025,-40.6738],[176.1,-40.6755],[176.0974,-40.6751],[176.0943,-40.6751],[176.0823,-40.7082],[176.082,-40.7157],[176.078,-40.7142],[176.0743,-40.7133],[176.0696,-40.7143],[176.062,-40.7146],[176.0556,-40.7168],[176.0242,-40.7073],[175.9942,-40.7244],[175.9905,-40.7257],[175.9787,-40.7224],[175.975,-40.7241],[175.977,-40.7262],[175.9774,-40.7276],[175.9762,-40.7305],[175.9785,-40.7317],[175.9763,-40.7347],[175.972,-40.736],[175.9715,-40.7367],[175.9732,-40.7366],[175.9752,-40.7378],[175.9677,-40.7387],[175.9591,-40.7385],[175.9434,-40.7406],[175.8994,-40.7605],[175.8497,-40.7614],[175.8395,-40.7682],[175.837,-40.766],[175.8347,-40.7663],[175.831,-40.7645],[175.8272,-40.7655],[175.8283,-40.7631],[175.8274,-40.7612],[175.8258,-40.7621],[175.8136,-40.7761],[175.8045,-40.7764],[175.8001,-40.7769],[175.7897,-40.769],[175.7868,-40.7701],[175.7647,-40.7681],[175.7668,-40.7571],[175.7664,-40.755],[175.7741,-40.7516],[175.7754,-40.75],[175.7761,-40.7457],[175.7787,-40.7443],[175.7812,-40.7412],[175.7819,-40.7392],[175.7892,-40.7259],[175.7871,-40.7252],[175.784,-40.7247],[175.7816,-40.7238],[175.7805,-40.7239],[175.7791,-40.7237],[175.7776,-40.7221],[175.7764,-40.7207],[175.7747,-40.7184],[175.7758,-40.7166],[175.7769,-40.7143],[175.7794,-40.7122],[175.7814,-40.7082],[175.7668,-40.7013],[175.7551,-40.7086],[175.7571,-40.7071],[175.7566,-40.7048],[175.7561,-40.7027],[175.7559,-40.7005],[175.7529,-40.698],[175.7379,-40.697],[175.7347,-40.698],[175.7201,-40.6967],[175.6939,-40.705],[175.6836,-40.7161],[175.6833,-40.7183],[175.6831,-40.7221],[175.6823,-40.7239],[175.6615,-40.7254],[175.6284,-40.7425],[175.6299,-40.7461],[175.6308,-40.7486],[175.6284,-40.7521],[175.6098,-40.7445],[175.6069,-40.7445],[175.6034,-40.743],[175.6018,-40.7414],[175.598,-40.7392],[175.5945,-40.7379],[175.5912,-40.737],[175.5892,-40.7355],[175.5765,-40.7334],[175.5732,-40.7341],[175.5694,-40.7356],[175.5648,-40.7362],[175.5613,-40.7349],[175.5591,-40.7326],[175.5596,-40.7312],[175.5603,-40.729],[175.4474,-40.7258],[175.4468,-40.727],[175.4463,-40.7299],[175.4459,-40.7313],[175.4449,-40.7324],[175.4442,-40.7343],[175.4431,-40.7351],[175.4427,-40.7372],[175.4427,-40.7389],[175.4419,-40.7415],[175.4399,-40.7438],[175.4369,-40.7453],[175.4343,-40.7464],[175.4336,-40.7465],[175.432,-40.7456],[175.43,-40.7452],[175.4272,-40.7451],[175.424,-40.7456],[175.4224,-40.7453],[175.4212,-40.7443],[175.4193,-40.7427],[175.4175,-40.7425],[175.4164,-40.742],[175.4138,-40.7398],[175.4129,-40.7389],[175.412,-40.7384],[175.4103,-40.7375],[175.4081,-40.7361],[175.4067,-40.7356],[175.4044,-40.7353],[175.4025,-40.7367],[175.3998,-40.7374],[175.3971,-40.7372],[175.3947,-40.736],[175.3928,-40.7339],[175.3911,-40.7331],[175.3894,-40.7317],[175.3888,-40.731],[175.3867,-40.7314],[175.3837,-40.7317],[175.3813,-40.7318],[175.3789,-40.7326],[175.3773,-40.7325],[175.3761,-40.7315],[175.3754,-40.7299],[175.3745,-40.729],[175.373,-40.7281],[175.3719,-40.7272],[175.3708,-40.7271],[175.3681,-40.7277],[175.3674,-40.7285],[175.3651,-40.7297],[175.3642,-40.7307],[175.3618,-40.7312],[175.3608,-40.7316],[175.3604,-40.7328],[175.3596,-40.7323],[175.3588,-40.7318],[175.3574,-40.7309],[175.3562,-40.73],[175.3557,-40.7303],[175.3552,-40.7316],[175.3534,-40.733],[175.3518,-40.7349],[175.3526,-40.7384],[175.3529,-40.7397],[175.3529,-40.7412],[175.3522,-40.7425],[175.3525,-40.7439],[175.3529,-40.7462],[175.3521,-40.7473],[175.3505,-40.7483],[175.3493,-40.7492],[175.3483,-40.75],[175.3468,-40.7521],[175.3457,-40.7521],[175.3438,-40.751],[175.3417,-40.7495],[175.3402,-40.7494],[175.3387,-40.7503],[175.3376,-40.7516],[175.3363,-40.7518],[175.3352,-40.7511],[175.3334,-40.7495],[175.3322,-40.7475],[175.331,-40.7455],[175.329,-40.7445],[175.3282,-40.7457],[175.3278,-40.7471],[175.3273,-40.7488],[175.3262,-40.7494],[175.3248,-40.7497],[175.3218,-40.7496],[175.3194,-40.7494],[175.3172,-40.7494],[175.3152,-40.7496],[175.312,-40.7497],[175.3093,-40.7497],[175.3073,-40.7503],[175.3072,-40.7513],[175.3065,-40.752],[175.3034,-40.7527],[175.3007,-40.7531],[175.2994,-40.7531],[175.2989,-40.7524],[175.2969,-40.7523],[175.2942,-40.7532],[175.2918,-40.754],[175.2892,-40.7554],[175.2873,-40.7575],[175.2856,-40.7595],[175.2843,-40.7606],[175.2831,-40.7619],[175.28,-40.7629],[175.2786,-40.7638],[175.2769,-40.7662],[175.2752,-40.7667],[175.273,-40.7669],[175.2713,-40.7679],[175.2687,-40.7687],[175.2667,-40.7686],[175.2654,-40.7683],[175.2634,-40.7675],[175.2624,-40.7665],[175.2614,-40.7656],[175.2597,-40.7655],[175.257,-40.7646],[175.2552,-40.7648],[175.2529,-40.7643],[175.2507,-40.7626],[175.2504,-40.7623],[175.2487,-40.761],[175.2469,-40.7604],[175.2449,-40.76],[175.2441,-40.7592],[175.2432,-40.7582],[175.2408,-40.7576],[175.2396,-40.7574],[175.2376,-40.7572],[175.2366,-40.7568],[175.2344,-40.7559],[175.2328,-40.7565],[175.231,-40.7569],[175.2294,-40.7565],[175.2267,-40.7574],[175.2247,-40.7586],[175.2219,-40.7598],[175.2191,-40.7624],[175.2169,-40.7629],[175.2155,-40.763],[175.2132,-40.7632],[175.2121,-40.7627],[175.2106,-40.762],[175.2092,-40.7614],[175.2071,-40.761],[175.2037,-40.7612],[175.2004,-40.761],[175.193,-40.7573],[175.193,-40.753],[175.1914,-40.7499],[175.1883,-40.7452],[175.199,-40.7428],[175.2043,-40.7394],[175.2038,-40.7308],[175.189,-40.7209],[175.1826,-40.7187],[175.1784,-40.7214],[175.1763,-40.7201],[175.1744,-40.7193],[175.1732,-40.7196],[175.1716,-40.7193],[175.1704,-40.7184],[175.1694,-40.7178],[175.1542,-40.7056],[174.841,-40.631],[174.8179,-40.6376],[174.7957,-40.6458],[174.7706,-40.6577],[174.751,-40.6692],[174.7296,-40.6848],[174.7136,-40.6991],[174.6968,-40.7176],[174.6846,-40.732],[174.6698,-40.7447],[174.6514,-40.7622],[174.6382,-40.7778],[174.6248,-40.7977],[174.616,-40.8151],[174.6083,-40.8366],[174.6043,-40.855],[174.6026,-40.8735],[174.6035,-40.8959],[174.4129,-41.4694],[174.4322,-41.4604],[174.4472,-41.475],[174.4675,-41.4912],[174.4862,-41.5032],[174.5104,-41.5159],[174.5319,-41.5249],[174.5544,-41.5323],[174.5818,-41.5399],[174.6025,-41.5478],[174.735,-41.5874],[174.7537,-41.5993],[174.778,-41.6118],[174.7996,-41.6206],[174.8977,-41.6517],[174.9897,-41.6922],[175.0007,-41.7091],[175.0166,-41.7281],[175.0319,-41.7429],[175.0527,-41.7591],[175.0717,-41.7712],[175.0922,-41.7819],[175.1185,-41.7928],[175.1415,-41.8002],[175.1702,-41.8068],[175.1947,-41.8105],[175.2246,-41.8126],[175.2493,-41.8141],[175.2788,-41.8151],[175.3036,-41.8149],[175.3284,-41.8132],[175.3577,-41.8089],[175.3817,-41.8053],[175.41,-41.7993],[175.4327,-41.7925],[175.4588,-41.7824],[175.4793,-41.7724],[175.5029,-41.7667],[175.5316,-41.7593],[175.5546,-41.7513],[175.5806,-41.7396],[175.6008,-41.7282],[175.6244,-41.715],[175.6432,-41.7035],[175.6605,-41.6907],[175.6841,-41.6789],[175.7067,-41.6715],[175.7326,-41.6607],[175.7528,-41.6501],[175.7752,-41.6355],[175.7921,-41.622],[175.8121,-41.6056],[175.8302,-41.5925],[175.8482,-41.5807],[175.8722,-41.5699],[175.8928,-41.5601],[175.9214,-41.5542],[175.9455,-41.5487],[175.9733,-41.5398],[175.9953,-41.5307],[176.016,-41.52],[176.039,-41.5053],[176.0564,-41.4916],[176.0748,-41.4737],[176.088,-41.4576],[176.1011,-41.4372],[176.1096,-41.4195],[176.1299,-41.4086],[176.1522,-41.3938],[176.1691,-41.3801],[176.1878,-41.3629],[176.2051,-41.3508],[176.2242,-41.3374],[176.2434,-41.3252],[176.2643,-41.3089],[176.2797,-41.2939],[176.2932,-41.278],[176.3066,-41.2577],[176.3154,-41.24],[176.323,-41.218],[176.3268,-41.1993],[176.3347,-41.178],[176.3417,-41.1604]]]]}},{"type":"Feature","properties":{"name":"Manawat\u016b-Whanganui","ref":"MWT"},"geometry":{"type":"MultiPolygon","coordinates":[[[[174.9498,-40.2396],[174.9647,-40.3297],[174.9577,-40.4209],[174.9362,-40.515],[174.9042,-40.6028],[175.1693,-40.7182],[175.1763,-40.7201],[175.2065,-40.7321],[175.1931,-40.7563],[175.2101,-40.7618],[175.2172,-40.763],[175.2295,-40.7565],[175.2376,-40.7572],[175.2448,-40.7599],[175.2521,-40.7639],[175.2619,-40.766],[175.2699,-40.7686],[175.2786,-40.7638],[175.287,-40.7577],[175.2982,-40.7521],[175.3071,-40.7517],[175.3159,-40.7495],[175.3266,-40.7494],[175.331,-40.7455],[175.3373,-40.7518],[175.345,-40.7519],[175.3517,-40.7476],[175.353,-40.7408],[175.3552,-40.7316],[175.3595,-40.7322],[175.3644,-40.7305],[175.3726,-40.7279],[175.3777,-40.7326],[175.389,-40.7311],[175.3971,-40.7372],[175.4078,-40.7359],[175.4153,-40.7414],[175.4229,-40.7454],[175.4338,-40.7465],[175.4427,-40.7389],[175.4457,-40.7316],[175.5596,-40.7299],[175.5717,-40.7349],[175.5959,-40.7381],[175.6102,-40.7447],[175.6615,-40.7254],[175.6938,-40.711],[175.7544,-40.699],[175.7546,-40.7091],[175.7753,-40.717],[175.7805,-40.7239],[175.7825,-40.7391],[175.7749,-40.751],[175.7881,-40.7686],[175.8263,-40.7616],[175.835,-40.7665],[175.9434,-40.7406],[175.9722,-40.7364],[175.9775,-40.7295],[175.9922,-40.7245],[176.0705,-40.7141],[176.0943,-40.6751],[176.1072,-40.6742],[176.1174,-40.6801],[176.1288,-40.6825],[176.138,-40.6824],[176.1428,-40.682],[176.1465,-40.68],[176.1727,-40.6712],[176.1839,-40.6647],[176.2395,-40.6792],[176.2439,-40.6776],[176.2511,-40.6758],[176.2581,-40.6749],[176.2646,-40.6787],[176.2741,-40.6803],[176.2804,-40.6839],[176.2817,-40.6897],[176.2833,-40.6942],[176.2869,-40.698],[176.3001,-40.6953],[176.3103,-40.695],[176.3229,-40.6942],[176.332,-40.6976],[176.6262,-40.744],[176.7102,-40.681],[176.821,-40.6247],[176.8801,-40.538],[176.5874,-40.4311],[176.5247,-40.4117],[176.4832,-40.4105],[176.4725,-40.4097],[176.4594,-40.4111],[176.4455,-40.4073],[176.4356,-40.4034],[176.435,-40.3914],[176.425,-40.3908],[176.4003,-40.3775],[176.3919,-40.3617],[176.3893,-40.3175],[176.3861,-40.2793],[176.3809,-40.2726],[176.3828,-40.2632],[176.3786,-40.2463],[176.3609,-40.2002],[176.3595,-40.1977],[176.3609,-40.1964],[176.3619,-40.1965],[176.3637,-40.1928],[176.3613,-40.1921],[176.3642,-40.1896],[176.3663,-40.1874],[176.367,-40.1856],[176.3655,-40.1841],[176.3645,-40.1818],[176.3655,-40.1796],[176.366,-40.1766],[176.3651,-40.1753],[176.366,-40.1733],[176.3691,-40.1685],[176.3719,-40.1658],[176.3769,-40.1642],[176.3791,-40.1602],[176.3763,-40.1571],[176.371,-40.1528],[176.3458,-40.1464],[176.3409,-40.1432],[176.3391,-40.1413],[176.3371,-40.1388],[176.3353,-40.1366],[176.3363,-40.1316],[176.3366,-40.1286],[176.3339,-40.1261],[176.3288,-40.1225],[176.3217,-40.1215],[176.317,-40.1229],[176.3122,-40.1127],[176.3204,-40.0946],[176.3052,-40.0776],[176.2662,-40.0641],[176.2503,-40.0419],[176.2469,-40.0404],[176.244,-40.0399],[176.179,-40.0164],[176.1359,-40.0283],[176.1323,-40.0241],[176.129,-40.0222],[176.1244,-40.0185],[176.0945,-39.9941],[176.106,-39.9757],[176.1269,-39.8981],[176.1721,-39.6027],[176.1549,-39.5696],[176.1537,-39.559],[176.1766,-39.5487],[176.1844,-39.5355],[176.1859,-39.523],[176.1924,-39.5094],[176.1899,-39.5025],[176.1675,-39.501],[176.1593,-39.4903],[176.149,-39.4867],[176.1415,-39.4784],[176.1395,-39.4667],[176.1439,-39.4599],[176.1424,-39.4461],[176.1301,-39.4397],[176.121,-39.4298],[176.1193,-39.4085],[176.1143,-39.3914],[176.1032,-39.3819],[176.0802,-39.3849],[176.0677,-39.3916],[176.0557,-39.3837],[176.0439,-39.3767],[176.0504,-39.3673],[176.0636,-39.3669],[176.0812,-39.3547],[176.1035,-39.3426],[176.1181,-39.3335],[176.1189,-39.3229],[176.1068,-39.3188],[176.1007,-39.304],[176.0966,-39.2913],[176.0881,-39.2841],[176.0895,-39.2732],[176.0817,-39.2635],[176.0861,-39.2548],[176.0954,-39.2443],[176.1013,-39.2349],[176.1094,-39.226],[176.115,-39.2198],[176.1031,-39.2165],[176.0918,-39.2109],[176.0805,-39.217],[176.0758,-39.2093],[176.0848,-39.2034],[176.0897,-39.1944],[176.0831,-39.1858],[176.0897,-39.1781],[176.0975,-39.1792],[176.1022,-39.1752],[176.1007,-39.1691],[176.0893,-39.1601],[176.0836,-39.1503],[176.083,-39.1403],[176.0846,-39.1328],[176.0803,-39.1264],[176.0694,-39.1229],[176.0624,-39.115],[176.0589,-39.1095],[176.0511,-39.1047],[176.0435,-39.1024],[176.0339,-39.0991],[176.0336,-39.0911],[176.0348,-39.0838],[176.0309,-39.0783],[176.0231,-39.0829],[176.0167,-39.0893],[176.0115,-39.0973],[176.0049,-39.1037],[176.0048,-39.1109],[175.9981,-39.1136],[175.9888,-39.1159],[175.9844,-39.1248],[175.9841,-39.1341],[175.9799,-39.1388],[175.9752,-39.1486],[175.9731,-39.1553],[175.964,-39.1596],[175.9667,-39.1685],[175.9655,-39.1755],[175.9584,-39.1847],[175.9472,-39.1871],[175.9296,-39.1889],[175.9187,-39.1939],[175.9146,-39.1985],[175.9015,-39.2011],[175.8861,-39.2059],[175.8932,-39.2148],[175.8864,-39.2271],[175.8763,-39.2363],[175.8572,-39.2444],[175.8567,-39.2521],[175.8685,-39.2619],[175.8544,-39.2686],[175.8367,-39.2759],[175.8187,-39.297],[175.6692,-39.2969],[175.6455,-39.0999],[175.6378,-39.0927],[175.6225,-39.087],[175.6246,-39.0599],[175.631,-39.0483],[175.682,-38.9797],[175.5638,-38.9831],[175.5651,-38.9792],[175.5651,-38.9741],[175.5675,-38.9711],[175.5679,-38.969],[175.5649,-38.9703],[175.5612,-38.9726],[175.5558,-38.9534],[175.5741,-38.9204],[175.5519,-38.8748],[175.5457,-38.8611],[175.5693,-38.8099],[175.551,-38.7906],[175.5317,-38.7754],[175.5263,-38.7626],[175.5202,-38.7499],[175.5298,-38.7431],[175.5691,-38.6934],[175.5793,-38.6527],[175.6097,-38.6235],[175.6206,-38.6084],[175.6298,-38.5942],[175.6335,-38.577],[175.5618,-38.4913],[175.5079,-38.4812],[175.4833,-38.4835],[175.474,-38.4817],[175.4583,-38.4853],[175.4465,-38.4895],[175.4438,-38.4951],[175.4342,-38.5013],[175.4231,-38.5112],[175.4173,-38.5198],[175.4117,-38.5302],[175.3963,-38.5423],[175.3832,-38.5427],[175.3017,-38.5824],[175.2619,-38.6125],[175.2505,-38.6146],[175.2365,-38.6258],[175.2183,-38.637],[175.2022,-38.6374],[175.1881,-38.6308],[175.1727,-38.6273],[175.1589,-38.6296],[175.1415,-38.6311],[175.105,-38.6284],[175.0856,-38.6354],[175.0721,-38.6299],[175.0572,-38.6427],[175.0389,-38.6525],[175.0236,-38.6587],[174.9993,-38.6657],[174.9735,-38.6665],[174.9555,-38.6702],[174.9577,-38.6862],[174.958,-38.6993],[174.9512,-38.7165],[174.9376,-38.7283],[174.9378,-38.741],[174.9327,-38.7544],[174.9126,-38.7547],[174.8998,-38.7548],[174.8892,-38.761],[174.873,-38.7656],[174.8663,-38.7694],[174.8595,-38.7812],[174.8549,-38.7827],[174.851,-38.7829],[174.8493,-38.7811],[174.8501,-38.7801],[174.8495,-38.7793],[174.8473,-38.7792],[174.8436,-38.7809],[174.8404,-38.7821],[174.8368,-38.7827],[174.8336,-38.7832],[174.8313,-38.782],[174.8278,-38.7838],[174.8266,-38.7849],[174.823,-38.786],[174.8213,-38.7871],[174.8208,-38.7882],[174.8194,-38.7896],[174.821,-38.7917],[174.8213,-38.7928],[174.8215,-38.794],[174.8201,-38.7946],[174.8169,-38.7947],[174.8178,-38.7969],[174.8164,-38.7976],[174.8146,-38.8012],[174.8157,-38.8029],[174.7925,-38.8264],[174.7991,-38.8352],[174.7976,-38.8486],[174.7987,-38.8611],[174.8052,-38.8697],[174.8064,-38.8766],[174.8166,-38.8862],[174.824,-38.8969],[174.8294,-38.9114],[174.8307,-38.9179],[174.8275,-38.924],[174.8182,-38.9246],[174.8113,-38.9233],[174.7994,-38.9216],[174.7875,-38.921],[174.785,-38.931],[174.7909,-38.945],[174.7821,-38.9528],[174.7968,-38.969],[174.7717,-38.984],[174.7719,-38.9975],[174.7705,-39.0178],[174.788,-39.0505],[174.7891,-39.0676],[174.7744,-39.0726],[174.7522,-39.0823],[174.7416,-39.0767],[174.7315,-39.0841],[174.724,-39.093],[174.7244,-39.1047],[174.7095,-39.1118],[174.6908,-39.1131],[174.679,-39.1337],[174.6912,-39.1413],[174.7022,-39.1512],[174.6985,-39.1579],[174.6999,-39.1721],[174.7063,-39.185],[174.7044,-39.1998],[174.7071,-39.2094],[174.7167,-39.2138],[174.73,-39.214],[174.7342,-39.2229],[174.7508,-39.2267],[174.7552,-39.2342],[174.7468,-39.2431],[174.7521,-39.2497],[174.7553,-39.259],[174.7508,-39.2675],[174.749,-39.2775],[174.757,-39.2867],[174.7616,-39.2945],[174.7692,-39.288],[174.7837,-39.288],[174.7991,-39.2997],[174.8137,-39.3137],[174.8173,-39.3198],[174.8196,-39.3249],[174.8219,-39.3306],[174.8252,-39.3329],[174.8384,-39.337],[174.8492,-39.3366],[174.8538,-39.3412],[174.8614,-39.3437],[174.8709,-39.3469],[174.8747,-39.3526],[174.879,-39.3552],[174.8878,-39.3548],[174.8892,-39.3641],[174.8904,-39.3694],[174.8874,-39.3757],[174.8828,-39.3799],[174.8836,-39.3847],[174.8785,-39.3908],[174.873,-39.3887],[174.8659,-39.3891],[174.8702,-39.3966],[174.8751,-39.4024],[174.8789,-39.4059],[174.8836,-39.4121],[174.8881,-39.4186],[174.8853,-39.4251],[174.8893,-39.4332],[174.8889,-39.4351],[174.9047,-39.4452],[174.9094,-39.4577],[174.9269,-39.4747],[174.9468,-39.4783],[174.961,-39.4929],[174.9655,-39.508],[174.9704,-39.5219],[174.9781,-39.5317],[174.9815,-39.5358],[174.9889,-39.5377],[174.9902,-39.5413],[174.987,-39.5472],[174.9873,-39.5548],[174.9823,-39.5566],[174.9776,-39.5613],[174.9753,-39.5664],[174.9746,-39.5702],[174.9734,-39.579],[174.9722,-39.5864],[174.9724,-39.5923],[174.9689,-39.6003],[174.968,-39.6063],[174.9725,-39.6129],[174.9708,-39.6206],[174.9723,-39.6284],[174.9741,-39.6376],[174.9707,-39.6441],[174.9743,-39.647],[174.9726,-39.6531],[174.9806,-39.657],[174.9875,-39.6604],[174.9856,-39.667],[174.9749,-39.6701],[174.9728,-39.6758],[174.9607,-39.6776],[174.9502,-39.6774],[174.942,-39.6778],[174.9403,-39.6784],[174.9374,-39.6837],[174.9327,-39.6841],[174.9302,-39.6856],[174.9288,-39.6911],[174.9226,-39.6954],[174.9275,-39.7007],[174.923,-39.7051],[174.9278,-39.7124],[174.9314,-39.7202],[174.9274,-39.7262],[174.9233,-39.7329],[174.9201,-39.7379],[174.921,-39.7454],[174.9164,-39.7481],[174.9118,-39.7437],[174.9045,-39.7453],[174.899,-39.7484],[174.8909,-39.7499],[174.8863,-39.7559],[174.8816,-39.7609],[174.8738,-39.7655],[174.8697,-39.7731],[174.858,-39.7762],[174.8503,-39.7861],[174.8136,-39.8016],[174.7933,-39.8339],[174.7121,-40.0385],[174.809,-40.0999],[174.8932,-40.1635],[174.9498,-40.2396]]]]}},{"type":"Feature","properties":{"name":"West Coast","ref":"WTC"},"geometry":{"type":"MultiPolygon","coordinates":[[[[170.7161,-43.3432],[170.7126,-43.3285],[170.712,-43.3178],[170.7304,-43.3153],[170.7519,-43.3187],[170.7657,-43.3131],[170.7823,-43.3043],[170.8007,-43.3014],[170.8192,-43.2999],[170.8263,-43.2864],[170.8433,-43.2825],[170.8617,-43.28],[170.869,-43.2683],[170.8697,-43.2574],[170.8733,-43.2457],[170.8924,-43.2386],[170.908,-43.2276],[170.9153,-43.215],[170.9299,-43.2063],[170.9483,-43.2088],[170.9458,-43.2245],[170.9781,-43.2229],[170.9944,-43.21],[171.0041,-43.1955],[171.0163,-43.1843],[171.0264,-43.1718],[171.0397,-43.1535],[171.0563,-43.132],[171.0695,-43.1124],[171.0964,-43.1049],[171.1136,-43.0962],[171.1305,-43.0813],[171.1447,-43.0886],[171.1609,-43.0772],[171.1771,-43.0717],[171.1883,-43.0654],[171.1999,-43.0741],[171.2109,-43.066],[171.2215,-43.0593],[171.2227,-43.0438],[171.2364,-43.0353],[171.238,-43.0224],[171.2394,-43.0116],[171.2447,-42.9988],[171.2579,-42.9877],[171.2734,-42.9801],[171.2856,-42.9728],[171.3083,-42.9663],[171.3065,-42.9542],[171.328,-42.945],[171.3431,-42.9497],[171.3624,-42.9372],[171.3789,-42.9429],[171.3932,-42.9426],[171.3942,-42.9579],[171.4032,-42.9532],[171.4201,-42.9434],[171.4362,-42.9359],[171.4349,-42.9262],[171.4412,-42.9146],[171.456,-42.9105],[171.4682,-42.9143],[171.4809,-42.9074],[171.4883,-42.8996],[171.5025,-42.899],[171.5117,-42.9095],[171.5226,-42.9101],[171.535,-42.9048],[171.5562,-42.9065],[171.5745,-42.8995],[171.5919,-42.8985],[171.6058,-42.8987],[171.6243,-42.9025],[171.6444,-42.8981],[171.6579,-42.8918],[171.6704,-42.8898],[171.68,-42.8986],[171.6877,-42.9049],[171.6976,-42.9074],[171.7111,-42.9],[171.7224,-42.8897],[171.7381,-42.8785],[171.7417,-42.8692],[171.7368,-42.8577],[171.7368,-42.8475],[171.753,-42.8457],[171.7622,-42.8379],[171.762,-42.8271],[171.755,-42.8178],[171.7591,-42.8046],[171.7648,-42.7911],[171.7783,-42.7883],[171.7921,-42.7864],[171.8096,-42.7898],[171.8132,-42.7836],[171.8297,-42.7769],[171.8428,-42.7695],[171.8535,-42.7584],[171.8723,-42.7481],[171.8839,-42.7406],[171.8849,-42.7218],[171.901,-42.7109],[171.9124,-42.6949],[171.9208,-42.6786],[171.9261,-42.6667],[171.9415,-42.6639],[171.9611,-42.6534],[171.9751,-42.6459],[171.9845,-42.6376],[172.0075,-42.6349],[172.0239,-42.6353],[172.0468,-42.6321],[172.0661,-42.6255],[172.0927,-42.6216],[172.1023,-42.6049],[172.0998,-42.5913],[172.1084,-42.5806],[172.1195,-42.5696],[172.133,-42.5552],[172.1506,-42.5547],[172.168,-42.5425],[172.1822,-42.5284],[172.1811,-42.513],[172.1914,-42.5006],[172.2063,-42.492],[172.221,-42.4844],[172.2325,-42.4633],[172.2444,-42.4561],[172.2572,-42.4534],[172.2711,-42.4522],[172.2872,-42.4439],[172.296,-42.4339],[172.3015,-42.4211],[172.3233,-42.4172],[172.3348,-42.4043],[172.3452,-42.3958],[172.358,-42.3893],[172.3718,-42.3843],[172.3872,-42.3803],[172.4085,-42.3818],[172.4227,-42.3789],[172.435,-42.3701],[172.4453,-42.3642],[172.4459,-42.3489],[172.4478,-42.332],[172.4634,-42.3224],[172.4617,-42.3086],[172.4782,-42.2907],[172.4763,-42.2749],[172.4566,-42.275],[172.4408,-42.2968],[172.4191,-42.301],[172.3952,-42.2943],[172.3763,-42.2832],[172.3555,-42.2806],[172.3564,-42.2645],[172.3483,-42.2546],[172.335,-42.2451],[172.3428,-42.2289],[172.3432,-42.2072],[172.3398,-42.1869],[172.3409,-42.1695],[172.3327,-42.1503],[172.252,-42.1448],[172.2169,-42.1248],[172.206,-42.1148],[172.2149,-42.1087],[172.2068,-42.0984],[172.1326,-42.0985],[172.1325,-42.0806],[172.1179,-42.0737],[172.1084,-42.0546],[172.1105,-42.0397],[172.1196,-42.0139],[172.0865,-42.0088],[172.0761,-41.9864],[172.0694,-41.9678],[172.0543,-41.9596],[172.052,-41.9455],[172.0666,-41.9352],[172.0766,-41.9214],[172.0717,-41.9125],[172.0643,-41.8995],[172.074,-41.8944],[172.0931,-41.8916],[172.0931,-41.876],[172.1138,-41.7884],[172.0996,-41.7818],[172.0994,-41.7701],[172.1104,-41.7615],[172.1196,-41.7467],[172.124,-41.7352],[172.118,-41.7269],[172.1289,-41.7142],[172.148,-41.7111],[172.1565,-41.7],[172.177,-41.7012],[172.1931,-41.6935],[172.2107,-41.699],[172.2194,-41.6916],[172.24,-41.6989],[172.2503,-41.6745],[172.2466,-41.6612],[172.2412,-41.6495],[172.2516,-41.6336],[172.2669,-41.6284],[172.2765,-41.6321],[172.2886,-41.6353],[172.2972,-41.6208],[172.3237,-41.607],[172.3342,-41.5841],[172.3275,-41.5621],[172.345,-41.5505],[172.3445,-41.5243],[172.3526,-41.508],[172.3762,-41.4922],[172.398,-41.4781],[172.418,-41.4717],[172.4253,-41.4521],[172.4295,-41.4352],[172.4229,-41.4251],[172.4248,-41.4101],[172.4605,-41.3945],[172.4713,-41.4063],[172.4979,-41.4072],[172.5171,-41.4096],[172.539,-41.4002],[172.5541,-41.393],[172.5741,-41.3769],[172.5866,-41.3653],[172.5855,-41.35],[172.5891,-41.3325],[172.598,-41.3083],[172.5873,-41.2901],[172.574,-41.2655],[172.5921,-41.2529],[172.6123,-41.2486],[172.6372,-41.2451],[172.6623,-41.232],[172.6911,-41.211],[172.6794,-41.1908],[172.6607,-41.1935],[172.6288,-41.1947],[172.6212,-41.1764],[172.6096,-41.1552],[172.5909,-41.1375],[172.5728,-41.1246],[172.5576,-41.1094],[172.5351,-41.0968],[172.519,-41.088],[172.5129,-41.0666],[172.489,-41.0576],[172.4961,-41.039],[172.4878,-41.0225],[172.4497,-41.022],[172.4321,-41.0294],[172.4026,-41.0266],[172.3792,-41.0249],[172.3624,-41.0512],[172.3508,-41.0619],[172.3304,-41.0616],[172.3319,-41.0413],[172.3136,-41.0178],[172.3287,-40.9879],[172.3594,-40.9775],[172.3843,-40.9531],[172.3788,-40.9403],[172.3667,-40.9363],[172.3515,-40.932],[172.3303,-40.936],[172.3151,-40.9244],[172.2941,-40.9196],[172.298,-40.9067],[172.2832,-40.901],[172.2905,-40.8792],[172.2772,-40.8726],[172.2633,-40.8608],[172.25,-40.8677],[172.2318,-40.866],[172.2307,-40.85],[172.2388,-40.8329],[172.2434,-40.8209],[172.239,-40.7973],[172.025,-40.6326],[171.8987,-40.7527],[171.8289,-40.892],[171.8405,-41.0385],[171.8378,-41.1837],[171.7786,-41.3164],[171.6883,-41.447],[171.5478,-41.5293],[171.3492,-41.5432],[171.2177,-41.6543],[171.1836,-41.8015],[171.1269,-41.9364],[171.0606,-42.0776],[171.0307,-42.2184],[170.9479,-42.3507],[170.874,-42.4828],[170.7428,-42.5905],[170.6331,-42.7127],[170.4802,-42.8044],[170.3017,-42.8555],[170.1271,-42.9328],[169.9903,-43.0446],[169.8512,-43.1493],[169.6841,-43.2309],[169.5431,-43.3394],[169.3908,-43.4225],[169.1996,-43.4857],[169.0324,-43.5643],[168.8692,-43.6521],[168.677,-43.7153],[168.4926,-43.7769],[168.2969,-43.8103],[168.1299,-43.8974],[168.0209,-44.0177],[167.8601,-44.1102],[168.0749,-44.2607],[168.1079,-44.2725],[168.1324,-44.2811],[168.1527,-44.2811],[168.1714,-44.2758],[168.1955,-44.2741],[168.2162,-44.262],[168.239,-44.2579],[168.2605,-44.2624],[168.2879,-44.2652],[168.3087,-44.2799],[168.3334,-44.2822],[168.3487,-44.2926],[168.3514,-44.3094],[168.3467,-44.3239],[168.3595,-44.3377],[168.3771,-44.3417],[168.377,-44.3558],[168.4115,-44.3628],[168.392,-44.3791],[168.3718,-44.392],[168.3551,-44.4131],[168.3626,-44.4294],[168.3559,-44.4422],[168.3525,-44.4572],[168.3433,-44.473],[168.3341,-44.4906],[168.3449,-44.4971],[168.365,-44.4945],[168.3957,-44.4976],[168.4298,-44.4952],[168.4611,-44.4953],[168.4883,-44.4787],[168.5103,-44.4652],[168.5527,-44.4537],[168.585,-44.4541],[168.6069,-44.4362],[168.6375,-44.4198],[168.6715,-44.3985],[168.6943,-44.3965],[168.7224,-44.4164],[168.7422,-44.4114],[168.7607,-44.3907],[168.7842,-44.3827],[168.8024,-44.3669],[168.8246,-44.3538],[168.8352,-44.3368],[168.838,-44.3163],[168.8413,-44.2962],[168.8448,-44.2802],[168.8536,-44.2629],[168.8507,-44.2453],[168.8733,-44.2339],[168.8845,-44.2203],[168.9088,-44.2133],[168.9368,-44.2048],[168.9596,-44.2053],[168.9624,-44.1873],[168.9669,-44.1733],[168.9875,-44.1681],[168.9795,-44.1551],[168.9884,-44.1413],[169.0115,-44.1334],[169.0125,-44.1156],[169.0438,-44.1169],[169.0642,-44.1096],[169.0785,-44.099],[169.0994,-44.0962],[169.1201,-44.0873],[169.1471,-44.0802],[169.1523,-44.0959],[169.1663,-44.1049],[169.1925,-44.1102],[169.223,-44.1091],[169.2531,-44.108],[169.2734,-44.0996],[169.2817,-44.087],[169.29,-44.0654],[169.305,-44.061],[169.3229,-44.0684],[169.3304,-44.0802],[169.3345,-44.0944],[169.3565,-44.1089],[169.3807,-44.1182],[169.3912,-44.1124],[169.4081,-44.1033],[169.4271,-44.0968],[169.4391,-44.0867],[169.4499,-44.0704],[169.4626,-44.0593],[169.4918,-44.0558],[169.5149,-44.0543],[169.5274,-44.04],[169.5446,-44.0334],[169.5659,-44.0334],[169.5807,-44.0321],[169.5897,-44.0136],[169.5927,-43.9996],[169.5834,-43.9852],[169.5867,-43.9681],[169.6002,-43.9577],[169.622,-43.9569],[169.6386,-43.9627],[169.6627,-43.9564],[169.6846,-43.957],[169.705,-43.9628],[169.7253,-43.9537],[169.7367,-43.9437],[169.7453,-43.9317],[169.7593,-43.9286],[169.7618,-43.9164],[169.7704,-43.9008],[169.7862,-43.8947],[169.7995,-43.8826],[169.8149,-43.8729],[169.8381,-43.8664],[169.8426,-43.8506],[169.8556,-43.8394],[169.881,-43.834],[169.896,-43.8292],[169.9009,-43.813],[169.916,-43.8065],[169.9343,-43.7988],[169.9449,-43.7896],[169.9644,-43.7917],[169.9735,-43.7783],[169.978,-43.7661],[169.9766,-43.7511],[170.0041,-43.7409],[170.0209,-43.7293],[170.0271,-43.711],[170.0302,-43.6969],[170.0413,-43.6827],[170.0642,-43.6756],[170.0809,-43.6671],[170.092,-43.6594],[170.0965,-43.6474],[170.0993,-43.6336],[170.0949,-43.6181],[170.0923,-43.6052],[170.1006,-43.595],[170.1253,-43.5872],[170.1462,-43.5756],[170.1572,-43.5667],[170.1804,-43.5611],[170.1986,-43.5531],[170.2047,-43.5404],[170.2184,-43.5308],[170.2301,-43.5186],[170.2482,-43.5135],[170.269,-43.5122],[170.2851,-43.5056],[170.3079,-43.4975],[170.3265,-43.4833],[170.3318,-43.4899],[170.3469,-43.5006],[170.3704,-43.5038],[170.3913,-43.4992],[170.4119,-43.4863],[170.432,-43.4688],[170.4533,-43.4612],[170.4608,-43.4513],[170.4715,-43.4401],[170.4871,-43.4298],[170.5053,-43.4279],[170.5176,-43.4208],[170.5297,-43.41],[170.5424,-43.4176],[170.5571,-43.4241],[170.5765,-43.4192],[170.5805,-43.4258],[170.5956,-43.4327],[170.614,-43.4323],[170.6155,-43.4182],[170.6258,-43.4085],[170.6332,-43.3991],[170.6436,-43.393],[170.6569,-43.3843],[170.648,-43.3683],[170.664,-43.3581],[170.6826,-43.3468],[170.7161,-43.3432]]]]}},{"type":"Feature","properties":{"name":"Canterbury","ref":"CAN"},"geometry":{"type":"MultiPolygon","coordinates":[[[[173.716,-42.6966],[173.6466,-42.8206],[173.57,-42.9576],[173.458,-43.0799],[173.3023,-43.1793],[173.1297,-43.26],[172.9883,-43.3368],[173.0474,-43.4397],[173.2344,-43.5032],[173.361,-43.6171],[173.4074,-43.7655],[173.3571,-43.913],[173.2239,-44.0242],[173.0431,-44.0898],[172.8351,-44.0975],[172.6387,-44.0418],[172.437,-44.0528],[172.2523,-44.1013],[172.0682,-44.1705],[171.8894,-44.2487],[171.7155,-44.3266],[171.5551,-44.4184],[171.4911,-44.5594],[171.4472,-44.6967],[171.4545,-44.8453],[171.3671,-44.98],[171.1305,-44.9385],[171.1149,-44.9312],[171.1024,-44.9292],[171.0846,-44.9314],[171.0729,-44.9282],[171.0592,-44.9252],[171.0413,-44.9233],[171.0271,-44.9209],[171.0177,-44.9204],[171.0125,-44.9197],[170.9954,-44.9184],[170.9822,-44.9147],[170.9713,-44.9096],[170.9542,-44.9094],[170.9313,-44.9065],[170.9215,-44.9037],[170.9117,-44.9021],[170.9085,-44.898],[170.9001,-44.8962],[170.8946,-44.894],[170.8834,-44.8912],[170.8688,-44.8925],[170.8508,-44.8927],[170.7028,-44.9026],[170.6387,-44.9169],[170.6232,-44.9594],[170.597,-44.9633],[170.5485,-44.9837],[170.5143,-45.0124],[170.4358,-45.0719],[170.386,-45.0754],[170.3632,-45.0424],[170.3537,-45.0251],[170.3728,-44.9502],[170.3506,-44.9385],[170.3525,-44.9232],[170.3504,-44.908],[170.2741,-44.9211],[170.2633,-44.9213],[170.2536,-44.9194],[170.1482,-44.9409],[170.076,-44.905],[170.0301,-44.8692],[170.0215,-44.8564],[170.0102,-44.8406],[169.9997,-44.8281],[169.9984,-44.8126],[169.9951,-44.799],[169.9863,-44.7766],[169.7962,-44.6569],[169.7219,-44.5707],[169.716,-44.5874],[169.7031,-44.6013],[169.6886,-44.6029],[169.6645,-44.5949],[169.6431,-44.5953],[169.6434,-44.5823],[169.6409,-44.5661],[169.6521,-44.5482],[169.6539,-44.5357],[169.6492,-44.522],[169.6366,-44.4978],[169.6462,-44.4804],[169.6358,-44.4639],[169.6054,-44.4636],[169.5714,-44.461],[169.5434,-44.4475],[169.5491,-44.429],[169.5653,-44.4031],[169.5608,-44.3918],[169.5568,-44.3807],[169.5676,-44.368],[169.5679,-44.3554],[169.5776,-44.3448],[169.5755,-44.3366],[169.5695,-44.3262],[169.571,-44.3146],[169.5718,-44.2973],[169.5731,-44.2792],[169.5794,-44.2641],[169.5768,-44.2495],[169.5671,-44.2355],[169.5481,-44.2266],[169.5445,-44.2112],[169.5548,-44.205],[169.5618,-44.1943],[169.571,-44.1816],[169.5765,-44.1744],[169.5919,-44.1638],[169.6057,-44.1579],[169.599,-44.1503],[169.6142,-44.1439],[169.6188,-44.1363],[169.6227,-44.1253],[169.6382,-44.1205],[169.6394,-44.1082],[169.6439,-44.0999],[169.6559,-44.0928],[169.6621,-44.084],[169.662,-44.0722],[169.677,-44.0694],[169.6825,-44.0562],[169.6906,-44.0415],[169.7146,-44.0284],[169.7068,-44.0017],[169.6993,-43.9802],[169.7138,-43.9607],[169.7261,-43.9503],[169.7427,-43.9408],[169.7504,-43.9318],[169.76,-43.9258],[169.7632,-43.9129],[169.773,-43.8988],[169.7922,-43.8931],[169.8039,-43.878],[169.8219,-43.8718],[169.8404,-43.8616],[169.8474,-43.8471],[169.861,-43.8355],[169.8878,-43.8363],[169.8933,-43.8238],[169.907,-43.8112],[169.9244,-43.8027],[169.94,-43.7942],[169.9534,-43.7894],[169.9703,-43.788],[169.9705,-43.7736],[169.9847,-43.7594],[169.9841,-43.7452],[170.0102,-43.7367],[170.0308,-43.7207],[170.0239,-43.7042],[170.0282,-43.6911],[170.0516,-43.6802],[170.0719,-43.6729],[170.0864,-43.6634],[170.0948,-43.654],[170.0999,-43.6424],[170.0953,-43.6275],[170.0969,-43.6097],[170.0936,-43.5993],[170.111,-43.5911],[170.1394,-43.5894],[170.1541,-43.5727],[170.1675,-43.5613],[170.1884,-43.5569],[170.2033,-43.5482],[170.2132,-43.5344],[170.222,-43.5243],[170.2373,-43.5144],[170.2603,-43.5113],[170.2774,-43.5094],[170.2992,-43.5017],[170.3212,-43.4918],[170.3297,-43.4851],[170.3373,-43.4992],[170.3629,-43.5073],[170.385,-43.5009],[170.4033,-43.4921],[170.4244,-43.4756],[170.4428,-43.4645],[170.4602,-43.4568],[170.4677,-43.4445],[170.4803,-43.4317],[170.4976,-43.4268],[170.5167,-43.425],[170.524,-43.4148],[170.5359,-43.415],[170.5525,-43.4219],[170.5694,-43.4208],[170.5838,-43.4225],[170.5904,-43.4337],[170.6081,-43.4318],[170.6146,-43.422],[170.6236,-43.4114],[170.6348,-43.4016],[170.64,-43.3931],[170.6558,-43.3875],[170.6458,-43.3713],[170.66,-43.3616],[170.6773,-43.3477],[170.7048,-43.3457],[170.7153,-43.3317],[170.707,-43.3181],[170.7271,-43.3165],[170.7452,-43.3168],[170.7634,-43.3143],[170.7808,-43.3067],[170.7972,-43.2998],[170.8146,-43.3005],[170.8234,-43.2893],[170.841,-43.2828],[170.8595,-43.2817],[170.87,-43.2705],[170.8686,-43.2584],[170.8731,-43.2472],[170.8895,-43.24],[170.9056,-43.2295],[170.913,-43.216],[170.9284,-43.2068],[170.9484,-43.2064],[170.9449,-43.2227],[170.9726,-43.2221],[170.9933,-43.2112],[171.0035,-43.1967],[171.0154,-43.1851],[171.0237,-43.1735],[171.0417,-43.1551],[171.0547,-43.1332],[171.0676,-43.1125],[171.0959,-43.1045],[171.114,-43.0966],[171.1299,-43.0812],[171.1446,-43.0884],[171.1609,-43.0772],[171.1771,-43.0717],[171.1883,-43.0654],[171.1999,-43.0741],[171.2111,-43.0659],[171.2218,-43.0588],[171.2227,-43.0436],[171.2373,-43.0347],[171.2385,-43.0218],[171.2394,-43.0108],[171.2468,-42.9988],[171.2595,-42.9864],[171.2742,-42.9794],[171.2892,-42.9714],[171.3088,-42.9654],[171.3075,-42.9528],[171.33,-42.9441],[171.3463,-42.9494],[171.3632,-42.9375],[171.3807,-42.9441],[171.3947,-42.9452],[171.3955,-42.959],[171.4065,-42.9525],[171.4205,-42.941],[171.4378,-42.9354],[171.4358,-42.9242],[171.4439,-42.9133],[171.457,-42.911],[171.4707,-42.912],[171.4811,-42.9062],[171.4888,-42.898],[171.5048,-42.9011],[171.5135,-42.9116],[171.5245,-42.908],[171.5395,-42.9047],[171.5588,-42.9075],[171.5798,-42.8982],[171.5934,-42.901],[171.6093,-42.8999],[171.6315,-42.9028],[171.6496,-42.897],[171.662,-42.889],[171.6744,-42.8919],[171.684,-42.8994],[171.6892,-42.9066],[171.7002,-42.9059],[171.7131,-42.895],[171.727,-42.888],[171.7438,-42.8763],[171.7349,-42.8655],[171.7336,-42.8545],[171.7404,-42.8466],[171.7571,-42.8424],[171.7615,-42.8349],[171.758,-42.8235],[171.7595,-42.8142],[171.7616,-42.7997],[171.7691,-42.7891],[171.7843,-42.7839],[171.7988,-42.7871],[171.8145,-42.7879],[171.8236,-42.7817],[171.8406,-42.7747],[171.847,-42.7649],[171.8595,-42.7537],[171.8812,-42.751],[171.8826,-42.7322],[171.8884,-42.7164],[171.9083,-42.7038],[171.9156,-42.6867],[171.9274,-42.6721],[171.9322,-42.6646],[171.951,-42.658],[171.9707,-42.6538],[171.9742,-42.6392],[171.9956,-42.6343],[172.0171,-42.6319],[172.0351,-42.6333],[172.0564,-42.6285],[172.0819,-42.6238],[172.0973,-42.6116],[172.0993,-42.5953],[172.1067,-42.5861],[172.1142,-42.5748],[172.129,-42.5592],[172.1447,-42.5524],[172.1621,-42.5485],[172.1783,-42.5355],[172.1808,-42.5191],[172.1869,-42.5039],[172.2005,-42.4948],[172.2172,-42.4863],[172.2319,-42.4712],[172.2391,-42.4567],[172.254,-42.4516],[172.2655,-42.4551],[172.2832,-42.4467],[172.2933,-42.439],[172.3011,-42.4259],[172.3175,-42.4198],[172.3327,-42.4089],[172.3415,-42.3987],[172.3521,-42.3908],[172.3663,-42.3862],[172.3846,-42.3813],[172.3997,-42.3795],[172.4197,-42.3814],[172.4304,-42.3718],[172.4424,-42.3674],[172.4487,-42.3531],[172.4461,-42.3385],[172.4587,-42.3233],[172.4629,-42.3127],[172.4748,-42.2965],[172.4792,-42.2802],[172.4871,-42.2658],[172.5113,-42.2656],[172.5204,-42.255],[172.5329,-42.2447],[172.5451,-42.2386],[172.5539,-42.2278],[172.5613,-42.2187],[172.5724,-42.2151],[172.5846,-42.2162],[172.5966,-42.2082],[172.6084,-42.1982],[172.617,-42.1889],[172.6118,-42.1771],[172.6109,-42.1633],[172.6165,-42.1519],[172.6276,-42.1418],[172.6393,-42.1339],[172.6335,-42.123],[172.633,-42.1089],[172.6427,-42.1006],[172.6637,-42.0952],[172.6768,-42.0888],[172.6857,-42.0987],[172.6934,-42.1057],[172.7098,-42.1013],[172.7196,-42.1092],[172.7239,-42.1213],[172.7248,-42.1328],[172.7186,-42.1407],[172.7205,-42.1554],[172.7301,-42.1658],[172.7491,-42.1722],[172.7624,-42.1701],[172.7797,-42.1672],[172.7947,-42.1622],[172.7949,-42.1714],[172.8003,-42.1849],[172.8129,-42.1871],[172.8284,-42.183],[172.8326,-42.1923],[172.824,-42.204],[172.8223,-42.2236],[172.8247,-42.2361],[172.8265,-42.2478],[172.8469,-42.2516],[172.8633,-42.2565],[172.8601,-42.2676],[172.8506,-42.2824],[172.8432,-42.2929],[172.8482,-42.3085],[172.8702,-42.3176],[172.8915,-42.3106],[172.9071,-42.3084],[172.92,-42.3225],[172.9188,-42.3394],[172.9291,-42.3505],[172.9419,-42.3564],[172.9384,-42.3721],[173.0024,-42.3968],[172.989,-42.4146],[172.9849,-42.4299],[172.9747,-42.4371],[172.9767,-42.4504],[172.9976,-42.4523],[173.0147,-42.4464],[173.032,-42.4573],[173.0379,-42.4691],[173.0356,-42.4832],[173.0587,-42.4857],[173.0704,-42.4775],[173.0757,-42.4633],[173.0935,-42.4614],[173.1063,-42.4477],[173.1209,-42.4507],[173.1485,-42.4508],[173.1571,-42.4378],[173.1599,-42.4255],[173.1723,-42.4148],[173.1909,-42.4098],[173.1986,-42.4013],[173.205,-42.3884],[173.2209,-42.3797],[173.2203,-42.3613],[173.2308,-42.3551],[173.184,-42.3438],[173.1909,-42.3358],[173.2029,-42.3344],[173.2087,-42.3163],[173.2364,-42.3045],[173.2619,-42.2882],[173.2959,-42.2658],[173.3053,-42.2486],[173.3307,-42.2472],[173.3415,-42.2279],[173.3486,-42.2408],[173.3614,-42.2377],[173.3757,-42.233],[173.3747,-42.2241],[173.3913,-42.2219],[173.4165,-42.2107],[173.4406,-42.2079],[173.4646,-42.1954],[173.4657,-42.1796],[173.4849,-42.1787],[173.4823,-42.1685],[173.4764,-42.1564],[173.4742,-42.1472],[173.4721,-42.1343],[173.4671,-42.124],[173.4869,-42.109],[173.5456,-42.064],[173.5746,-42.0327],[173.5946,-42.0286],[173.6037,-42.0175],[173.6088,-42.006],[173.6232,-42.0104],[173.6421,-42.007],[173.6574,-41.9991],[173.6601,-41.9883],[173.6743,-41.9799],[173.7185,-41.9569],[173.7155,-41.9478],[173.7191,-41.9346],[173.7264,-41.923],[173.7364,-41.9121],[173.7492,-41.9084],[173.8352,-41.9308],[173.8954,-41.9202],[173.9287,-41.9207],[173.9373,-41.9162],[173.9435,-41.9124],[173.9506,-41.9133],[173.9558,-41.9122],[173.9595,-41.9098],[173.9635,-41.9187],[173.9903,-41.9324],[174.0324,-41.9324],[174.0491,-41.9291],[174.0589,-41.9337],[174.0476,-41.9682],[174.1934,-42.2307],[174.071,-42.3523],[173.9831,-42.4818],[173.8579,-42.6009],[173.716,-42.6966]]]]}},{"type":"Feature","properties":{"name":"Otago","ref":"OTA"},"geometry":{"type":"MultiPolygon","coordinates":[[[[169.092,-45.5878],[169.0658,-45.6275],[169.0249,-45.6637],[169.0001,-45.726],[169.0025,-45.7403],[169.0052,-45.797],[169.0178,-45.8299],[169.052,-45.8571],[169.0991,-45.8844],[169.0739,-45.9257],[169.0694,-45.9788],[169.1242,-46.0016],[169.0888,-46.0178],[169.1173,-46.037],[169.159,-46.0931],[169.1503,-46.1239],[169.1312,-46.1477],[169.1414,-46.1496],[169.1531,-46.1546],[169.161,-46.1522],[169.1661,-46.1591],[169.1645,-46.1675],[169.1608,-46.1786],[169.1651,-46.1808],[169.1705,-46.1848],[169.1688,-46.1887],[169.1669,-46.1918],[169.1715,-46.1905],[169.175,-46.1889],[169.1858,-46.1893],[169.1825,-46.1941],[169.1883,-46.1953],[169.1966,-46.2004],[169.1882,-46.26],[169.1736,-46.3359],[169.1424,-46.3633],[169.1632,-46.3826],[169.1949,-46.4066],[169.1996,-46.4166],[169.1884,-46.4282],[169.1941,-46.4399],[169.1832,-46.4488],[169.1637,-46.4602],[169.1659,-46.4724],[169.1788,-46.4798],[169.1797,-46.4907],[169.2033,-46.4966],[169.2148,-46.5023],[169.2292,-46.5099],[169.2391,-46.5118],[169.2467,-46.51],[169.2507,-46.5147],[169.2464,-46.5199],[169.2448,-46.5296],[169.2368,-46.5356],[169.2205,-46.5526],[169.1905,-46.5568],[169.2451,-46.5755],[169.2652,-46.594],[169.2663,-46.6159],[169.2753,-46.6216],[169.4112,-46.8351],[169.5457,-46.8001],[169.6822,-46.7671],[169.8029,-46.7127],[169.9165,-46.6524],[170.0333,-46.5926],[170.1057,-46.5055],[170.1664,-46.424],[170.2762,-46.3581],[170.3833,-46.2923],[170.4562,-46.2067],[170.5169,-46.1341],[170.6632,-46.113],[170.7991,-46.0838],[170.9218,-46.0335],[171.0133,-45.9508],[171.0347,-45.851],[171.0298,-45.7541],[170.9958,-45.663],[171.0758,-45.58],[171.1223,-45.4863],[171.1507,-45.3892],[171.1544,-45.295],[171.2374,-45.2096],[171.3179,-45.1325],[171.3877,-45.0453],[171.1417,-44.9399],[171.1309,-44.9385],[171.1225,-44.9341],[171.1179,-44.9311],[171.1035,-44.9294],[171.0907,-44.9311],[171.0821,-44.9317],[171.0742,-44.9292],[171.0652,-44.9269],[171.055,-44.9245],[171.0427,-44.9237],[171.0309,-44.9231],[171.0238,-44.9197],[171.0187,-44.9205],[171.0152,-44.9202],[171.0091,-44.9203],[170.9972,-44.92],[170.9884,-44.9148],[170.9801,-44.9136],[170.975,-44.9105],[170.9645,-44.912],[170.9477,-44.9086],[170.9348,-44.9071],[170.9253,-44.903],[170.9184,-44.9035],[170.9144,-44.9029],[170.9102,-44.9004],[170.908,-44.8974],[170.9019,-44.8974],[170.8996,-44.895],[170.8927,-44.8936],[170.8868,-44.892],[170.8766,-44.8927],[170.8656,-44.892],[170.8568,-44.8945],[170.8231,-44.902],[170.6806,-44.9049],[170.6543,-44.9105],[170.6313,-44.9402],[170.6189,-44.9599],[170.6036,-44.9619],[170.5778,-44.972],[170.5424,-44.985],[170.5225,-45.0059],[170.47,-45.0471],[170.4252,-45.0727],[170.3914,-45.0795],[170.3751,-45.0576],[170.3632,-45.0404],[170.3557,-45.029],[170.3488,-44.9955],[170.3666,-44.9444],[170.3491,-44.9431],[170.3509,-44.9312],[170.3525,-44.9229],[170.3517,-44.9123],[170.3444,-44.9059],[170.2734,-44.9212],[170.2652,-44.9199],[170.2583,-44.921],[170.2535,-44.9194],[170.2105,-44.9346],[170.1205,-44.9474],[170.0733,-44.9031],[170.0382,-44.8725],[170.0279,-44.8648],[170.0217,-44.8564],[170.0135,-44.8451],[170.006,-44.8373],[169.9998,-44.8282],[169.9966,-44.821],[169.9985,-44.8067],[169.9952,-44.7995],[169.9922,-44.7838],[169.9835,-44.7706],[169.8083,-44.6617],[169.7369,-44.5713],[169.7188,-44.5778],[169.7163,-44.5865],[169.7117,-44.5993],[169.6969,-44.6014],[169.6875,-44.6038],[169.6774,-44.5975],[169.6597,-44.5939],[169.6463,-44.5956],[169.6425,-44.5879],[169.6434,-44.5782],[169.6422,-44.5675],[169.6454,-44.5558],[169.6557,-44.5429],[169.6555,-44.536],[169.6477,-44.5311],[169.6447,-44.518],[169.6349,-44.4989],[169.6437,-44.4893],[169.6434,-44.4771],[169.6382,-44.4644],[169.6148,-44.4606],[169.599,-44.4624],[169.5776,-44.462],[169.5517,-44.4542],[169.5467,-44.4447],[169.5529,-44.431],[169.5486,-44.4183],[169.5661,-44.3999],[169.562,-44.393],[169.5587,-44.3859],[169.559,-44.3781],[169.5665,-44.3711],[169.5699,-44.3614],[169.5684,-44.3536],[169.5757,-44.3466],[169.5787,-44.3405],[169.5739,-44.3359],[169.5705,-44.3283],[169.5685,-44.3201],[169.5729,-44.3125],[169.5746,-44.2995],[169.5735,-44.2894],[169.5735,-44.278],[169.5784,-44.2676],[169.5796,-44.2572],[169.5761,-44.2478],[169.5713,-44.2379],[169.5597,-44.2323],[169.548,-44.2256],[169.5435,-44.2164],[169.5436,-44.2072],[169.556,-44.2053],[169.5621,-44.1981],[169.5658,-44.1884],[169.5707,-44.1813],[169.5726,-44.1762],[169.5827,-44.1709],[169.5931,-44.163],[169.6039,-44.1603],[169.6034,-44.1547],[169.5995,-44.1503],[169.6093,-44.1452],[169.6173,-44.1415],[169.6185,-44.1362],[169.6209,-44.1288],[169.6271,-44.1219],[169.6382,-44.1205],[169.6364,-44.113],[169.64,-44.104],[169.6439,-44.0999],[169.6535,-44.0936],[169.6602,-44.0921],[169.6621,-44.084],[169.658,-44.0773],[169.6651,-44.0677],[169.6769,-44.0693],[169.6799,-44.0624],[169.681,-44.0487],[169.6884,-44.0414],[169.717,-44.0383],[169.7115,-44.0214],[169.7062,-44.0027],[169.7059,-43.9901],[169.7022,-43.9739],[169.6907,-43.9577],[169.677,-43.9568],[169.6614,-43.9566],[169.6465,-43.9602],[169.6307,-43.9624],[169.6208,-43.957],[169.6047,-43.9573],[169.5931,-43.9579],[169.5868,-43.9689],[169.5839,-43.9827],[169.5907,-43.9897],[169.5926,-43.9999],[169.5921,-44.0092],[169.5838,-44.0196],[169.5805,-44.0327],[169.5702,-44.035],[169.559,-44.0329],[169.5431,-44.0336],[169.5303,-44.0378],[169.5231,-44.0447],[169.5143,-44.0546],[169.5006,-44.0584],[169.4819,-44.0557],[169.4621,-44.0595],[169.4505,-44.0662],[169.4467,-44.0756],[169.4387,-44.087],[169.4289,-44.0945],[169.4202,-44.0986],[169.4075,-44.1042],[169.4002,-44.1093],[169.3888,-44.116],[169.3798,-44.1181],[169.3629,-44.1113],[169.3492,-44.1061],[169.334,-44.0938],[169.33,-44.0849],[169.3287,-44.0754],[169.3224,-44.0679],[169.3153,-44.0616],[169.2971,-44.0611],[169.2898,-44.0668],[169.2846,-44.0801],[169.2798,-44.0932],[169.2719,-44.1007],[169.26,-44.1071],[169.2438,-44.1066],[169.2202,-44.1093],[169.2039,-44.1077],[169.1818,-44.1084],[169.1649,-44.1052],[169.1544,-44.0995],[169.1497,-44.0897],[169.1469,-44.08],[169.1304,-44.0868],[169.1133,-44.0913],[169.0977,-44.0969],[169.0849,-44.0961],[169.0747,-44.106],[169.0625,-44.1095],[169.0479,-44.114],[169.0314,-44.1164],[169.0122,-44.1169],[169.0156,-44.1302],[169.0025,-44.1387],[168.9827,-44.1414],[168.9775,-44.1519],[168.9844,-44.1613],[168.9874,-44.1689],[168.9748,-44.1729],[168.9632,-44.1786],[168.9623,-44.1877],[168.9618,-44.2021],[168.9539,-44.2047],[168.932,-44.2057],[168.9119,-44.2097],[168.9033,-44.218],[168.883,-44.2209],[168.8723,-44.2299],[168.8679,-44.2402],[168.8493,-44.2463],[168.852,-44.2592],[168.8573,-44.2697],[168.8439,-44.2814],[168.8433,-44.2917],[168.841,-44.3074],[168.8368,-44.3174],[168.8337,-44.3306],[168.8334,-44.3448],[168.8227,-44.3543],[168.8096,-44.3623],[168.7934,-44.3729],[168.7833,-44.3835],[168.7703,-44.391],[168.7507,-44.3953],[168.7431,-44.4134],[168.7335,-44.4204],[168.7043,-44.4065],[168.6925,-44.3945],[168.6802,-44.396],[168.6566,-44.4095],[168.6348,-44.4219],[168.6153,-44.4359],[168.5921,-44.4442],[168.5831,-44.454],[168.5587,-44.4518],[168.5344,-44.4579],[168.5068,-44.4668],[168.4965,-44.4763],[168.4744,-44.488],[168.46,-44.4953],[168.4363,-44.4931],[168.4164,-44.4972],[168.3941,-44.4984],[168.3763,-44.4957],[168.3553,-44.4926],[168.3437,-44.4966],[168.3317,-44.4962],[168.3222,-44.4954],[168.3132,-44.4974],[168.302,-44.4985],[168.2903,-44.4972],[168.2572,-44.5263],[168.2411,-44.5372],[168.2372,-44.5504],[168.2373,-44.5743],[168.2254,-44.5849],[168.2255,-44.5949],[168.2129,-44.6072],[168.2046,-44.6218],[168.1986,-44.634],[168.185,-44.6461],[168.1909,-44.6569],[168.1865,-44.6653],[168.1874,-44.6736],[168.1902,-44.6829],[168.1832,-44.6911],[168.1723,-44.7046],[168.1696,-44.721],[168.1753,-44.7335],[168.1816,-44.7422],[168.1916,-44.743],[168.2041,-44.743],[168.1928,-44.7716],[168.1829,-44.7969],[168.1681,-44.8273],[168.125,-44.8448],[168.1232,-44.863],[168.1175,-44.8746],[168.1208,-44.8833],[168.129,-44.8951],[168.1346,-44.9055],[168.1367,-44.9177],[168.1353,-44.9251],[168.1303,-44.9329],[168.1345,-44.9416],[168.146,-44.9427],[168.1524,-44.9483],[168.1665,-44.9576],[168.1764,-44.9712],[168.1875,-44.9874],[168.2061,-44.999],[168.2153,-45.0029],[168.2215,-45.0127],[168.2249,-45.0192],[168.2469,-45.0272],[168.2696,-45.0261],[168.2831,-45.0215],[168.292,-45.0144],[168.3024,-45.0174],[168.3079,-45.0231],[168.308,-45.028],[168.3007,-45.0324],[168.2952,-45.0387],[168.2927,-45.0441],[168.2981,-45.05],[168.2945,-45.0543],[168.2933,-45.0642],[168.2936,-45.0713],[168.2885,-45.0794],[168.2848,-45.0843],[168.2852,-45.0906],[168.285,-45.0979],[168.259,-45.1214],[168.2278,-45.1374],[168.2244,-45.1405],[168.217,-45.1443],[168.2257,-45.1492],[168.2388,-45.1543],[168.2361,-45.1637],[168.2455,-45.1709],[168.2514,-45.1803],[168.2538,-45.1891],[168.2517,-45.1997],[168.2601,-45.2049],[168.2736,-45.2112],[168.2876,-45.2153],[168.2978,-45.2209],[168.2964,-45.233],[168.2887,-45.2426],[168.2988,-45.2513],[168.3063,-45.2592],[168.3059,-45.2704],[168.3027,-45.2836],[168.3003,-45.2937],[168.5424,-45.3056],[168.554,-45.2978],[168.5681,-45.2857],[168.5821,-45.2809],[168.5915,-45.2804],[168.6099,-45.2766],[168.6198,-45.2665],[168.6333,-45.2615],[168.641,-45.2533],[168.6492,-45.2458],[168.6741,-45.2431],[168.6836,-45.2521],[168.6819,-45.2629],[168.6897,-45.2735],[168.6889,-45.2847],[168.693,-45.2944],[168.6953,-45.3071],[168.6964,-45.3195],[168.6927,-45.3315],[168.7537,-45.3653],[168.7726,-45.3635],[168.7741,-45.3763],[168.774,-45.3881],[168.7687,-45.4031],[168.7736,-45.4195],[168.7795,-45.4321],[168.7855,-45.4359],[168.825,-45.4433],[168.8441,-45.4346],[168.856,-45.433],[168.86,-45.4407],[168.8582,-45.4508],[168.8662,-45.455],[168.8816,-45.461],[168.8967,-45.4558],[168.9296,-45.4099],[169.1614,-45.3633],[169.2104,-45.4078],[169.2057,-45.4262],[169.1906,-45.4376],[169.1739,-45.4394],[169.1587,-45.4404],[169.1465,-45.4525],[169.1406,-45.4662],[169.1384,-45.4807],[169.1289,-45.522],[169.092,-45.5878]]]]}},{"type":"Feature","properties":{"name":"Southland","ref":"STL"},"geometry":{"type":"MultiPolygon","coordinates":[[[[166.8721,-44.9],[166.8201,-44.9505],[166.7658,-44.9984],[166.7097,-45.0439],[166.6566,-45.0929],[166.6112,-45.1462],[166.572,-45.1983],[166.5286,-45.2509],[166.4934,-45.3077],[166.4589,-45.3604],[166.4311,-45.4157],[166.3735,-45.4616],[166.31,-45.5051],[166.2616,-45.5572],[166.2102,-45.6064],[166.1699,-45.6588],[166.1515,-45.7204],[166.1526,-45.7825],[166.1413,-45.8447],[166.1386,-45.9072],[166.1533,-45.969],[166.1636,-46.0274],[166.1836,-46.0865],[166.2223,-46.1426],[166.2663,-46.1971],[166.3241,-46.2455],[166.3835,-46.2888],[166.4355,-46.3366],[166.5086,-46.3743],[166.5901,-46.4036],[166.6672,-46.4204],[166.6094,-46.4691],[166.5761,-46.5287],[166.5711,-46.5888],[166.5944,-46.6506],[166.6445,-46.704],[166.7165,-46.7439],[166.7996,-46.7719],[166.891,-46.7819],[166.9775,-46.7746],[167.0622,-46.7493],[167.1311,-46.707],[167.177,-46.6519],[167.1961,-46.5911],[167.1895,-46.5283],[167.16,-46.4716],[167.2341,-46.4645],[167.5361,-46.52],[167.4835,-46.5656],[167.4043,-46.5982],[167.3437,-46.6462],[167.3094,-46.7013],[167.3006,-46.7646],[167.317,-46.8275],[167.3485,-46.8875],[167.3563,-46.9383],[167.2688,-46.9588],[167.1988,-46.9942],[167.1436,-47.0432],[167.0941,-47.0955],[167.048,-47.1494],[167.0268,-47.2107],[167.0345,-47.2734],[167.067,-47.3283],[167.1259,-47.3768],[167.193,-47.4177],[167.2697,-47.4522],[167.3582,-47.4698],[167.4472,-47.4864],[167.5312,-47.4893],[167.5296,-47.5531],[167.5578,-47.614],[167.6131,-47.6658],[167.6898,-47.7031],[167.7801,-47.7221],[167.8691,-47.7215],[167.9588,-47.7012],[168.037,-47.6651],[168.0948,-47.6146],[168.1261,-47.5543],[168.1475,-47.4946],[168.1882,-47.4419],[168.2042,-47.3797],[168.2112,-47.3263],[168.3012,-47.3133],[168.3834,-47.2844],[168.4596,-47.2475],[168.5188,-47.2028],[168.5572,-47.1445],[168.5666,-47.0809],[168.5462,-47.0185],[168.621,-46.9938],[168.7035,-46.9648],[168.77,-46.9266],[168.8298,-46.8787],[168.9117,-46.8686],[169.0021,-46.8774],[169.0942,-46.8711],[169.1829,-46.8642],[169.2704,-46.8587],[169.2785,-46.622],[169.274,-46.6205],[169.2678,-46.617],[169.2667,-46.5945],[169.2651,-46.5941],[169.2511,-46.581],[169.1961,-46.5606],[169.191,-46.5576],[169.1987,-46.5548],[169.2225,-46.5516],[169.233,-46.5411],[169.2397,-46.5339],[169.2446,-46.5299],[169.2457,-46.5215],[169.2481,-46.5182],[169.2505,-46.5156],[169.2501,-46.513],[169.2461,-46.5099],[169.2416,-46.5109],[169.2367,-46.5124],[169.2298,-46.5102],[169.2231,-46.5068],[169.2128,-46.5014],[169.2044,-46.4985],[169.1947,-46.4935],[169.1797,-46.4907],[169.1733,-46.4846],[169.1777,-46.4773],[169.1685,-46.4737],[169.1614,-46.4669],[169.1631,-46.4592],[169.1764,-46.4527],[169.1846,-46.4446],[169.1932,-46.4401],[169.1918,-46.4352],[169.1883,-46.4271],[169.1992,-46.4202],[169.1969,-46.413],[169.1952,-46.4063],[169.1828,-46.3942],[169.1454,-46.3825],[169.1399,-46.3654],[169.1454,-46.3545],[169.1811,-46.3319],[169.1769,-46.2857],[169.196,-46.239],[169.197,-46.2003],[169.1929,-46.1977],[169.186,-46.1952],[169.1818,-46.1956],[169.1848,-46.1918],[169.185,-46.1892],[169.1782,-46.1895],[169.1739,-46.1891],[169.1724,-46.1905],[169.1689,-46.1922],[169.1669,-46.1912],[169.1687,-46.1897],[169.1683,-46.188],[169.1704,-46.1849],[169.1688,-46.1816],[169.1637,-46.1811],[169.1614,-46.1794],[169.1598,-46.175],[169.1657,-46.167],[169.169,-46.1605],[169.1638,-46.1583],[169.1619,-46.1532],[169.1553,-46.153],[169.1511,-46.1546],[169.1444,-46.1503],[169.1358,-46.1509],[169.1312,-46.1477],[169.1346,-46.1312],[169.1599,-46.1203],[169.1633,-46.0958],[169.1579,-46.0675],[169.1149,-46.0367],[169.0947,-46.0268],[169.0819,-46.0105],[169.1249,-46.0016],[169.0722,-45.9992],[169.0748,-45.9703],[169.0851,-45.9341],[169.0849,-45.9096],[169.0988,-45.8842],[169.0667,-45.8534],[169.0499,-45.8629],[169.0116,-45.8361],[169.0221,-45.8048],[169.0046,-45.7496],[169.0032,-45.7443],[169.0005,-45.738],[169.0001,-45.726],[169.018,-45.6883],[169.0319,-45.6542],[169.0609,-45.6368],[169.0716,-45.6105],[169.0972,-45.5835],[169.1231,-45.5297],[169.1322,-45.5061],[169.1369,-45.4825],[169.1411,-45.4742],[169.1402,-45.4646],[169.1461,-45.4555],[169.1482,-45.4493],[169.1587,-45.4404],[169.1679,-45.4399],[169.1755,-45.4393],[169.1867,-45.4384],[169.2015,-45.4319],[169.2064,-45.425],[169.2111,-45.415],[169.2093,-45.4035],[169.1683,-45.3735],[169.0882,-45.2908],[168.9052,-45.4502],[168.8996,-45.4556],[168.8904,-45.46],[168.8816,-45.461],[168.872,-45.4573],[168.8649,-45.4543],[168.8588,-45.452],[168.8588,-45.4466],[168.8601,-45.4394],[168.8577,-45.4347],[168.8539,-45.4321],[168.8452,-45.4344],[168.8265,-45.4401],[168.8254,-45.4452],[168.7868,-45.4356],[168.7827,-45.4369],[168.7795,-45.4318],[168.7764,-45.4231],[168.7733,-45.4137],[168.7692,-45.4055],[168.7719,-45.3953],[168.7729,-45.3859],[168.775,-45.3776],[168.773,-45.3698],[168.7726,-45.3635],[168.76,-45.3623],[168.6922,-45.3397],[168.6922,-45.333],[168.6939,-45.327],[168.6964,-45.3191],[168.6968,-45.3097],[168.6939,-45.3019],[168.6928,-45.2951],[168.6925,-45.2897],[168.6875,-45.2825],[168.6873,-45.2759],[168.6883,-45.2701],[168.6819,-45.2629],[168.6801,-45.2568],[168.6835,-45.2487],[168.6755,-45.2436],[168.6584,-45.2464],[168.6487,-45.2468],[168.6431,-45.2513],[168.6387,-45.2561],[168.6335,-45.2611],[168.6275,-45.2644],[168.6185,-45.268],[168.6131,-45.2746],[168.6022,-45.2796],[168.5901,-45.2802],[168.5844,-45.2787],[168.5781,-45.2831],[168.5697,-45.2852],[168.5642,-45.2913],[168.5536,-45.2988],[168.5451,-45.3044],[168.5397,-45.3087],[168.3003,-45.2939],[168.3038,-45.288],[168.3027,-45.28],[168.3044,-45.2728],[168.3074,-45.2649],[168.3059,-45.2587],[168.301,-45.2538],[168.2937,-45.249],[168.2883,-45.2439],[168.2924,-45.2371],[168.2973,-45.2302],[168.3003,-45.223],[168.293,-45.2194],[168.2876,-45.2153],[168.2819,-45.2123],[168.2712,-45.2105],[168.2629,-45.2055],[168.2569,-45.2031],[168.2515,-45.1994],[168.2515,-45.1931],[168.2549,-45.1856],[168.2519,-45.1809],[168.247,-45.175],[168.2442,-45.1706],[168.236,-45.1668],[168.2383,-45.1608],[168.2388,-45.1543],[168.2304,-45.1503],[168.2236,-45.1486],[168.2173,-45.1447],[168.2191,-45.1424],[168.2245,-45.1403],[168.2264,-45.1385],[168.23,-45.1364],[168.2513,-45.1238],[168.2847,-45.1016],[168.2853,-45.0959],[168.2858,-45.0914],[168.2844,-45.0876],[168.285,-45.0841],[168.2874,-45.0808],[168.2907,-45.0778],[168.2936,-45.0724],[168.2931,-45.0683],[168.2935,-45.0635],[168.2942,-45.0574],[168.2972,-45.0531],[168.2982,-45.0502],[168.2948,-45.0467],[168.2921,-45.0429],[168.2942,-45.0391],[168.2982,-45.0353],[168.3019,-45.0322],[168.3043,-45.0287],[168.3093,-45.0267],[168.3081,-45.0235],[168.3044,-45.0212],[168.3018,-45.0167],[168.2946,-45.0139],[168.2859,-45.0171],[168.2831,-45.0215],[168.2774,-45.0253],[168.2663,-45.0262],[168.2522,-45.0271],[168.2364,-45.0244],[168.2248,-45.0189],[168.2211,-45.0155],[168.2216,-45.0089],[168.2161,-45.0035],[168.209,-45.0017],[168.2044,-44.9983],[168.1942,-44.9925],[168.1755,-44.9815],[168.1767,-44.9698],[168.1719,-44.9628],[168.1616,-44.953],[168.1539,-44.9493],[168.1488,-44.9463],[168.1444,-44.9421],[168.1362,-44.9421],[168.1328,-44.9403],[168.1304,-44.933],[168.133,-44.9287],[168.134,-44.9245],[168.1361,-44.9194],[168.137,-44.9132],[168.1345,-44.9051],[168.1299,-44.8998],[168.1277,-44.8895],[168.1236,-44.8833],[168.1166,-44.8801],[168.1175,-44.8726],[168.1219,-44.8662],[168.1221,-44.856],[168.125,-44.8448],[168.129,-44.8378],[168.1694,-44.8192],[168.1812,-44.8007],[168.1848,-44.7841],[168.192,-44.769],[168.2036,-44.7498],[168.201,-44.7408],[168.1924,-44.7425],[168.1828,-44.7454],[168.1817,-44.7409],[168.1769,-44.7348],[168.1747,-44.7288],[168.1696,-44.721],[168.1715,-44.7107],[168.1744,-44.699],[168.1817,-44.692],[168.1853,-44.6878],[168.1916,-44.6818],[168.1897,-44.6755],[168.1857,-44.6709],[168.1859,-44.6657],[168.1886,-44.6604],[168.1907,-44.6543],[168.1866,-44.6476],[168.1962,-44.6442],[168.1987,-44.6338],[168.2032,-44.6262],[168.2075,-44.6181],[168.212,-44.6095],[168.2178,-44.6015],[168.2252,-44.5942],[168.2244,-44.5876],[168.2261,-44.5824],[168.2369,-44.5758],[168.2378,-44.5602],[168.2354,-44.5451],[168.2397,-44.5385],[168.2468,-44.5321],[168.2575,-44.5261],[168.273,-44.5208],[168.2935,-44.4973],[168.3013,-44.4984],[168.3101,-44.4981],[168.3148,-44.4966],[168.3201,-44.4952],[168.326,-44.4945],[168.3317,-44.4962],[168.337,-44.4949],[168.3345,-44.4861],[168.337,-44.4769],[168.3429,-44.473],[168.3487,-44.465],[168.3527,-44.4609],[168.3493,-44.4537],[168.3515,-44.4466],[168.3563,-44.4422],[168.3595,-44.4401],[168.3597,-44.433],[168.3659,-44.4248],[168.3632,-44.4162],[168.3524,-44.4088],[168.356,-44.4002],[168.3682,-44.3937],[168.3805,-44.3901],[168.3862,-44.3804],[168.4002,-44.379],[168.4078,-44.3714],[168.4117,-44.3637],[168.4003,-44.3592],[168.3845,-44.3576],[168.3709,-44.355],[168.3707,-44.3479],[168.3796,-44.3398],[168.3732,-44.3401],[168.3635,-44.3385],[168.3537,-44.3345],[168.3484,-44.3294],[168.3456,-44.3235],[168.3506,-44.3172],[168.3505,-44.3115],[168.3517,-44.3038],[168.3507,-44.2977],[168.3476,-44.2898],[168.3454,-44.2821],[168.334,-44.282],[168.3251,-44.2796],[168.3133,-44.2787],[168.305,-44.279],[168.2955,-44.272],[168.2877,-44.2649],[168.276,-44.2597],[168.2637,-44.262],[168.2576,-44.2593],[168.2485,-44.2556],[168.236,-44.2574],[168.2263,-44.2564],[168.2183,-44.2611],[168.206,-44.2664],[168.1998,-44.2693],[168.1936,-44.2745],[168.1798,-44.2774],[168.1721,-44.2758],[168.1661,-44.2791],[168.1568,-44.2821],[168.1493,-44.2808],[168.1408,-44.2811],[168.1319,-44.2812],[168.1195,-44.2771],[168.1111,-44.2733],[168.0979,-44.2685],[168.0868,-44.2649],[168.0735,-44.2603],[168.0618,-44.2603],[167.8289,-44.135],[167.7857,-44.1897],[167.7385,-44.2415],[167.6871,-44.2832],[167.6283,-44.3301],[167.5803,-44.384],[167.5362,-44.4373],[167.4756,-44.4757],[167.407,-44.515],[167.3482,-44.5574],[167.2938,-44.6052],[167.2225,-44.6413],[167.1574,-44.6816],[167.0908,-44.7153],[167.0322,-44.761],[166.9833,-44.8083],[166.9245,-44.8527],[166.8721,-44.9]]]]}},{"type":"Feature","properties":{"name":"Hawke's Bay","ref":"HKB"},"geometry":{"type":"MultiPolygon","coordinates":[[[[177.2031,-39.986],[177.174,-40.0397],[177.1607,-40.1001],[177.1404,-40.1577],[177.1151,-40.2131],[177.0715,-40.2661],[177.029,-40.3101],[176.9855,-40.3575],[176.922,-40.3977],[176.8976,-40.4495],[176.586,-40.4256],[176.55,-40.4212],[176.4875,-40.4114],[176.4829,-40.4098],[176.4752,-40.4093],[176.4682,-40.4112],[176.4611,-40.4116],[176.45,-40.4082],[176.4444,-40.4071],[176.4374,-40.4051],[176.4352,-40.3958],[176.4349,-40.3916],[176.4279,-40.391],[176.4233,-40.3919],[176.4032,-40.3767],[176.3871,-40.3738],[176.4055,-40.3328],[176.391,-40.3256],[176.3956,-40.2808],[176.3855,-40.2791],[176.3831,-40.2745],[176.378,-40.2715],[176.3851,-40.2648],[176.3794,-40.2569],[176.3753,-40.2358],[176.3608,-40.2007],[176.3595,-40.1989],[176.3595,-40.1977],[176.36,-40.1966],[176.3615,-40.1969],[176.3618,-40.1963],[176.363,-40.1945],[176.3631,-40.1928],[176.3619,-40.1922],[176.3623,-40.1914],[176.3644,-40.1896],[176.3665,-40.1876],[176.366,-40.1868],[176.3671,-40.1859],[176.3657,-40.1852],[176.3651,-40.1838],[176.3648,-40.1825],[176.3635,-40.181],[176.3655,-40.1796],[176.3657,-40.1777],[176.3659,-40.1761],[176.3652,-40.1753],[176.3662,-40.1748],[176.3663,-40.173],[176.3686,-40.1692],[176.3703,-40.1675],[176.3719,-40.1658],[176.3753,-40.1651],[176.378,-40.1635],[176.3789,-40.1606],[176.3785,-40.1581],[176.3754,-40.1564],[176.372,-40.1548],[176.3535,-40.1478],[176.3458,-40.1464],[176.3431,-40.1451],[176.3402,-40.1423],[176.3396,-40.1413],[176.338,-40.1399],[176.3362,-40.1389],[176.3349,-40.1377],[176.3354,-40.1347],[176.3361,-40.1313],[176.3353,-40.13],[176.3365,-40.1279],[176.3342,-40.1265],[176.3313,-40.1241],[176.328,-40.1222],[176.3241,-40.1228],[176.322,-40.1198],[176.3168,-40.123],[176.3104,-40.1196],[176.3168,-40.1089],[176.3192,-40.0993],[176.321,-40.0861],[176.3027,-40.0723],[176.2779,-40.0672],[176.2641,-40.0522],[176.2503,-40.0419],[176.2484,-40.0403],[176.2461,-40.0402],[176.2444,-40.04],[176.2178,-40.0288],[176.1769,-40.0169],[176.1543,-40.0122],[176.1342,-40.0267],[176.1323,-40.0241],[176.13,-40.0233],[176.1278,-40.0215],[176.1246,-40.0189],[176.1246,-40.0161],[176.0948,-39.9936],[176.0995,-39.9859],[176.1197,-39.9466],[176.1269,-39.8981],[176.1927,-39.6798],[176.1427,-39.5847],[176.1431,-39.5769],[176.1511,-39.5641],[176.1556,-39.5579],[176.1695,-39.5531],[176.1827,-39.5419],[176.1844,-39.5355],[176.1848,-39.5278],[176.1869,-39.5192],[176.1917,-39.5104],[176.1941,-39.5051],[176.1888,-39.5029],[176.1756,-39.5012],[176.1641,-39.4981],[176.1593,-39.4903],[176.1534,-39.4891],[176.1488,-39.4847],[176.1423,-39.4792],[176.1368,-39.4756],[176.1393,-39.4656],[176.1427,-39.462],[176.1422,-39.4551],[176.1425,-39.4465],[176.1347,-39.4435],[176.1266,-39.438],[176.1212,-39.4313],[176.1178,-39.4215],[176.1195,-39.406],[176.117,-39.396],[176.1119,-39.385],[176.1041,-39.3819],[176.089,-39.3833],[176.0748,-39.3873],[176.0691,-39.3923],[176.0617,-39.3854],[176.0543,-39.3836],[176.0429,-39.3807],[176.0438,-39.372],[176.0502,-39.3676],[176.0565,-39.3669],[176.067,-39.3657],[176.0792,-39.3562],[176.0893,-39.3493],[176.1064,-39.3419],[176.1176,-39.3366],[176.1205,-39.3299],[176.1189,-39.3229],[176.1113,-39.3208],[176.1029,-39.3158],[176.1006,-39.3062],[176.1008,-39.2958],[176.096,-39.2912],[176.0865,-39.2872],[176.0932,-39.2796],[176.0895,-39.2732],[176.0879,-39.2653],[176.0815,-39.2613],[176.0847,-39.2558],[176.0918,-39.2497],[176.0962,-39.2437],[176.0983,-39.2365],[176.1052,-39.2322],[176.1088,-39.2266],[176.1152,-39.2235],[176.1152,-39.2177],[176.1081,-39.2151],[176.1002,-39.2136],[176.0908,-39.2111],[176.0847,-39.2163],[176.077,-39.2152],[176.0755,-39.2096],[176.0834,-39.2078],[176.0881,-39.2014],[176.0892,-39.1958],[176.0864,-39.1886],[176.0838,-39.1852],[176.0882,-39.179],[176.0928,-39.1779],[176.0974,-39.1791],[176.102,-39.1775],[176.1005,-39.1742],[176.1011,-39.1699],[176.0952,-39.1649],[176.0894,-39.159],[176.0862,-39.1525],[176.0829,-39.1468],[176.0829,-39.1406],[176.0866,-39.1377],[176.0847,-39.1305],[176.0903,-39.1289],[176.0934,-39.1253],[176.0959,-39.12],[176.0938,-39.1161],[176.0951,-39.1094],[176.0965,-39.1068],[176.1012,-39.1035],[176.1029,-39.1021],[176.1074,-39.0998],[176.1098,-39.0958],[176.1139,-39.0941],[176.1762,-39.0724],[176.179,-39.0681],[176.1765,-39.0636],[176.1728,-39.0593],[176.1672,-39.0568],[176.1587,-39.0553],[176.1511,-39.0549],[176.1446,-39.051],[176.1452,-39.0406],[176.1511,-39.0351],[176.1595,-39.0294],[176.1707,-39.0246],[176.1714,-39.0169],[176.1811,-39.007],[176.1914,-38.9988],[176.2009,-38.9931],[176.2118,-38.9904],[176.2174,-38.9837],[176.2269,-38.9762],[176.2344,-38.9707],[176.24,-38.9632],[176.2452,-38.9587],[176.2473,-38.9555],[176.2531,-38.9506],[176.2523,-38.9195],[176.2454,-38.8973],[176.3046,-38.902],[176.3112,-38.9026],[176.3152,-38.9094],[176.312,-38.9169],[176.3152,-38.9248],[176.319,-38.9317],[176.3222,-38.9358],[176.3246,-38.9417],[176.3298,-38.9451],[176.3344,-38.9545],[176.3439,-38.955],[176.3553,-38.9573],[176.3642,-38.9682],[176.368,-38.9747],[176.3745,-38.9826],[176.3829,-38.9888],[176.3927,-38.9902],[176.4005,-38.9941],[176.4073,-38.997],[176.4137,-39.0],[176.4224,-39.0017],[176.4298,-38.9999],[176.433,-39.0028],[176.4394,-39.0046],[176.4457,-39.0042],[176.4557,-38.9318],[176.4615,-38.9035],[176.4649,-38.8938],[176.4745,-38.8877],[176.4881,-38.884],[176.4971,-38.8773],[176.4969,-38.8688],[176.498,-38.8571],[176.5059,-38.8526],[176.5093,-38.8515],[176.5076,-38.8389],[176.5093,-38.8327],[176.5111,-38.8251],[176.5125,-38.8078],[176.5213,-38.7966],[176.5306,-38.7975],[176.5558,-38.7987],[176.5637,-38.8037],[176.5751,-38.8106],[176.5844,-38.8212],[176.5869,-38.8311],[176.5954,-38.8314],[176.6057,-38.8235],[176.6239,-38.8215],[176.6366,-38.8224],[176.6487,-38.8213],[176.6571,-38.8264],[176.659,-38.8352],[176.668,-38.8355],[176.6766,-38.8407],[176.6767,-38.8499],[176.6806,-38.8565],[176.7001,-38.8534],[176.7024,-38.8411],[176.7019,-38.8331],[176.7028,-38.8259],[176.6968,-38.8224],[176.6966,-38.8126],[176.6924,-38.8057],[176.7015,-38.7995],[176.7054,-38.7903],[176.7036,-38.7846],[176.707,-38.7723],[176.7097,-38.7643],[176.708,-38.753],[176.7101,-38.7441],[176.714,-38.736],[176.7147,-38.7271],[176.7215,-38.724],[176.7316,-38.7254],[176.7411,-38.7283],[176.7429,-38.7195],[176.7441,-38.7123],[176.752,-38.7107],[176.7587,-38.7092],[176.7672,-38.7001],[176.7667,-38.6935],[176.7722,-38.6857],[176.7822,-38.6821],[176.7944,-38.6822],[176.8056,-38.6832],[176.8146,-38.6867],[176.8218,-38.6914],[176.8267,-38.6857],[176.8346,-38.679],[176.8432,-38.6752],[176.8502,-38.6727],[176.8574,-38.6745],[176.8619,-38.6799],[176.8685,-38.6738],[176.8761,-38.6683],[176.8848,-38.667],[176.8934,-38.6701],[176.898,-38.68],[176.9076,-38.6866],[176.9172,-38.6899],[176.9243,-38.691],[176.9314,-38.6985],[176.95,-38.6961],[176.9602,-38.6969],[176.9647,-38.7011],[176.9701,-38.705],[176.9794,-38.6985],[176.9873,-38.694],[176.9954,-38.6895],[177.0044,-38.6793],[177.017,-38.6672],[177.0212,-38.6597],[177.0249,-38.6466],[177.0265,-38.6403],[177.0359,-38.6284],[177.0435,-38.6244],[177.0506,-38.62],[177.0608,-38.6221],[177.0696,-38.6142],[177.0775,-38.6106],[177.0829,-38.6176],[177.0864,-38.6206],[177.0953,-38.6188],[177.0968,-38.624],[177.1006,-38.6266],[177.1023,-38.6183],[177.1035,-38.6095],[177.1069,-38.6029],[177.1136,-38.5962],[177.1167,-38.592],[177.1197,-38.5858],[177.309,-38.5969],[177.436,-38.6322],[177.4408,-38.6347],[177.4492,-38.6368],[177.4508,-38.6405],[177.447,-38.6415],[177.4458,-38.6437],[177.4446,-38.646],[177.4436,-38.6482],[177.442,-38.6495],[177.442,-38.6506],[177.4419,-38.6516],[177.44,-38.6538],[177.4377,-38.6572],[177.4363,-38.661],[177.4351,-38.6639],[177.4325,-38.6669],[177.4301,-38.6695],[177.4273,-38.6705],[177.425,-38.6712],[177.423,-38.6714],[177.422,-38.6721],[177.4201,-38.6732],[177.4189,-38.6743],[177.4192,-38.6767],[177.4151,-38.6823],[177.4139,-38.6966],[177.4208,-38.6958],[177.427,-38.6937],[177.4348,-38.6941],[177.4355,-38.7003],[177.4384,-38.703],[177.4656,-38.7067],[177.4643,-38.7123],[177.47,-38.7188],[177.4703,-38.7256],[177.473,-38.7301],[177.4748,-38.7337],[177.4738,-38.74],[177.4735,-38.7578],[177.5153,-38.7776],[177.5213,-38.7815],[177.529,-38.7892],[177.5294,-38.7934],[177.5286,-38.7962],[177.5372,-38.8006],[177.5374,-38.8064],[177.5352,-38.8093],[177.5389,-38.8126],[177.5327,-38.8172],[177.545,-38.8117],[177.5623,-38.8031],[177.5998,-38.8519],[177.6246,-38.8454],[177.6283,-38.8505],[177.6292,-38.8526],[177.6312,-38.8577],[177.6313,-38.8605],[177.6335,-38.866],[177.635,-38.8678],[177.6372,-38.8711],[177.6387,-38.8686],[177.6392,-38.8672],[177.6375,-38.8642],[177.6391,-38.8623],[177.6426,-38.8598],[177.6454,-38.8609],[177.6482,-38.8625],[177.6514,-38.8583],[177.6515,-38.8552],[177.6524,-38.8525],[177.6579,-38.8486],[177.6603,-38.8493],[177.6621,-38.8524],[177.6929,-38.9023],[177.7274,-38.9064],[177.7381,-38.9061],[177.7764,-38.9128],[177.7794,-38.9104],[177.7799,-38.9074],[177.7851,-38.9083],[177.785,-38.9057],[177.7889,-38.9039],[177.7922,-38.9021],[177.7893,-38.8993],[177.7911,-38.8972],[177.7951,-38.8957],[177.8026,-38.8961],[177.8002,-38.8966],[177.8027,-38.8992],[177.8039,-38.9029],[177.8067,-38.9073],[177.8058,-38.9118],[177.824,-38.9187],[177.8304,-38.9153],[177.8305,-38.9116],[177.8389,-38.9187],[177.8456,-38.9237],[177.8401,-38.9351],[177.8344,-38.9484],[177.8607,-38.9642],[178.2031,-38.9749],[178.2419,-39.0255],[178.2618,-39.0871],[178.2577,-39.1475],[178.2322,-39.2038],[178.2048,-39.2592],[178.198,-39.3189],[178.1688,-39.3744],[178.116,-39.4231],[178.0505,-39.455],[177.9853,-39.4874],[177.9067,-39.5065],[177.8291,-39.506],[177.755,-39.4878],[177.686,-39.4521],[177.6376,-39.4047],[177.6098,-39.3481],[177.5963,-39.2862],[177.5609,-39.2557],[177.4881,-39.258],[177.4189,-39.2697],[177.3527,-39.2889],[177.3134,-39.4022],[177.357,-39.6511],[177.3421,-39.7104],[177.3053,-39.7675],[177.2942,-39.8227],[177.2868,-39.8824],[177.2542,-39.9408],[177.2031,-39.986]]]]}},{"type":"Feature","properties":{"name":"Taranaki","ref":"TKI"},"geometry":{"type":"MultiPolygon","coordinates":[[[[174.3488,-38.7318],[174.6152,-38.706],[174.6134,-38.7127],[174.6197,-38.7227],[174.6406,-38.7211],[174.6434,-38.7211],[174.6466,-38.7232],[174.6476,-38.7275],[174.6504,-38.7302],[174.654,-38.7332],[174.6589,-38.7323],[174.6633,-38.7301],[174.6678,-38.729],[174.6911,-38.7315],[174.6963,-38.7331],[174.7057,-38.7323],[174.7266,-38.7341],[174.739,-38.7353],[174.7418,-38.7378],[174.7462,-38.7418],[174.7524,-38.7439],[174.7558,-38.7444],[174.7588,-38.7441],[174.761,-38.7431],[174.7629,-38.741],[174.7669,-38.7382],[174.7716,-38.7361],[174.7758,-38.7382],[174.7805,-38.7359],[174.7858,-38.734],[174.7885,-38.7339],[174.7924,-38.7318],[174.7968,-38.7321],[174.8032,-38.736],[174.8091,-38.7381],[174.8159,-38.742],[174.8225,-38.7478],[174.8264,-38.7546],[174.8265,-38.7584],[174.8308,-38.7624],[174.8376,-38.7653],[174.8443,-38.7678],[174.8496,-38.772],[174.8557,-38.7735],[174.8623,-38.7775],[174.8591,-38.7818],[174.8568,-38.7826],[174.855,-38.7827],[174.8531,-38.7832],[174.8513,-38.7832],[174.8504,-38.7824],[174.8498,-38.7816],[174.85,-38.7807],[174.8499,-38.7803],[174.8501,-38.7801],[174.8505,-38.7797],[174.8495,-38.7795],[174.8495,-38.7789],[174.8486,-38.7786],[174.8466,-38.7789],[174.8448,-38.7799],[174.8433,-38.781],[174.8418,-38.7815],[174.8406,-38.7821],[174.8391,-38.7824],[174.8371,-38.783],[174.8359,-38.7826],[174.8347,-38.7829],[174.8331,-38.7835],[174.8317,-38.7829],[174.8313,-38.782],[174.8294,-38.7835],[174.8279,-38.7837],[174.8272,-38.7843],[174.827,-38.7848],[174.8263,-38.7854],[174.825,-38.7858],[174.823,-38.7861],[174.8225,-38.7866],[174.8213,-38.787],[174.8203,-38.7872],[174.8202,-38.788],[174.8204,-38.7885],[174.8199,-38.7892],[174.819,-38.79],[174.8199,-38.7905],[174.821,-38.7917],[174.8222,-38.7922],[174.8215,-38.7925],[174.8208,-38.7933],[174.8216,-38.7937],[174.8213,-38.7943],[174.8205,-38.7945],[174.82,-38.7945],[174.8181,-38.7945],[174.8168,-38.7943],[174.8174,-38.7963],[174.8183,-38.7966],[174.8181,-38.7973],[174.8172,-38.7975],[174.8158,-38.7983],[174.8148,-38.8003],[174.8146,-38.8012],[174.8155,-38.802],[174.8151,-38.8029],[174.7866,-38.821],[174.7896,-38.8246],[174.7953,-38.8274],[174.7982,-38.8305],[174.7993,-38.8354],[174.7994,-38.8401],[174.7982,-38.8466],[174.7998,-38.852],[174.7975,-38.8574],[174.7997,-38.8631],[174.8027,-38.8678],[174.8041,-38.8712],[174.8064,-38.8733],[174.807,-38.8765],[174.8077,-38.8805],[174.8125,-38.8844],[174.8207,-38.8867],[174.8201,-38.8946],[174.825,-38.8986],[174.8268,-38.9076],[174.8296,-38.9116],[174.8303,-38.9141],[174.8313,-38.9172],[174.8283,-38.9212],[174.8294,-38.9232],[174.8244,-38.9239],[174.8215,-38.9249],[174.8176,-38.9241],[174.8143,-38.9247],[174.8116,-38.923],[174.8084,-38.9263],[174.8014,-38.9246],[174.7972,-38.9183],[174.7909,-38.9184],[174.7849,-38.9205],[174.7834,-38.9245],[174.7851,-38.9315],[174.7897,-38.9388],[174.7915,-38.9435],[174.7891,-38.9491],[174.7842,-38.9508],[174.7829,-38.9572],[174.7827,-38.9618],[174.7978,-38.9699],[174.7813,-38.9839],[174.7724,-38.9835],[174.7701,-38.9905],[174.7739,-38.9955],[174.7644,-39.0048],[174.7711,-39.0114],[174.7741,-39.0197],[174.7772,-39.0322],[174.788,-39.0505],[174.7904,-39.0565],[174.7896,-39.0658],[174.7834,-39.0686],[174.7758,-39.0703],[174.7714,-39.0729],[174.7575,-39.088],[174.7522,-39.0811],[174.7487,-39.0784],[174.7424,-39.0769],[174.7392,-39.0811],[174.7326,-39.0826],[174.7297,-39.0856],[174.7261,-39.088],[174.7236,-39.0957],[174.727,-39.0999],[174.7244,-39.1047],[174.7172,-39.107],[174.7112,-39.111],[174.7056,-39.1123],[174.6966,-39.1118],[174.69,-39.1148],[174.6752,-39.1298],[174.6791,-39.1341],[174.6849,-39.1353],[174.6906,-39.1404],[174.6958,-39.1451],[174.7016,-39.1484],[174.7016,-39.1536],[174.6984,-39.1566],[174.6988,-39.1594],[174.7013,-39.1658],[174.6999,-39.1721],[174.7055,-39.1764],[174.7058,-39.1833],[174.7074,-39.192],[174.7074,-39.1961],[174.7034,-39.2014],[174.7,-39.2057],[174.7072,-39.2098],[174.7107,-39.2121],[174.7159,-39.2136],[174.7231,-39.2129],[174.7273,-39.2141],[174.7306,-39.2157],[174.7336,-39.221],[174.7347,-39.2229],[174.7449,-39.2225],[174.7505,-39.2265],[174.7508,-39.2295],[174.754,-39.2319],[174.7546,-39.2367],[174.747,-39.2427],[174.7495,-39.244],[174.7525,-39.2467],[174.7526,-39.25],[174.7546,-39.2546],[174.7561,-39.2583],[174.7518,-39.2614],[174.7502,-39.2659],[174.7512,-39.27],[174.7497,-39.273],[174.75,-39.2786],[174.7519,-39.2832],[174.7566,-39.2862],[174.7593,-39.2919],[174.7609,-39.2939],[174.7653,-39.2956],[174.7668,-39.2913],[174.769,-39.2859],[174.7777,-39.2854],[174.7837,-39.2882],[174.7889,-39.2916],[174.7962,-39.299],[174.8052,-39.3013],[174.8098,-39.3054],[174.8148,-39.3142],[174.815,-39.3171],[174.8177,-39.3202],[174.8202,-39.3225],[174.8196,-39.3248],[174.8219,-39.3278],[174.8225,-39.3303],[174.8208,-39.3313],[174.8228,-39.334],[174.8268,-39.3325],[174.8333,-39.3358],[174.8384,-39.337],[174.843,-39.3359],[174.8479,-39.3367],[174.8514,-39.3378],[174.8544,-39.3399],[174.8549,-39.341],[174.8601,-39.3419],[174.8618,-39.3436],[174.8665,-39.3446],[174.8707,-39.3468],[174.8721,-39.3492],[174.8727,-39.3523],[174.8769,-39.3537],[174.877,-39.3568],[174.8801,-39.3535],[174.8855,-39.3531],[174.8878,-39.3548],[174.8916,-39.3581],[174.8896,-39.3629],[174.8882,-39.3653],[174.8899,-39.368],[174.8896,-39.3705],[174.889,-39.3732],[174.8866,-39.3763],[174.8832,-39.3781],[174.8822,-39.3792],[174.8848,-39.3816],[174.8838,-39.384],[174.8826,-39.3863],[174.8798,-39.3893],[174.8782,-39.3907],[174.8763,-39.3916],[174.873,-39.3887],[174.8699,-39.3905],[174.8661,-39.3888],[174.8669,-39.3922],[174.8699,-39.3958],[174.8712,-39.3983],[174.8713,-39.401],[174.8754,-39.4026],[174.877,-39.4043],[174.8784,-39.4057],[174.8798,-39.4083],[174.8833,-39.4107],[174.8857,-39.4128],[174.8874,-39.4162],[174.8883,-39.4192],[174.8885,-39.4229],[174.8853,-39.4251],[174.8878,-39.4276],[174.8888,-39.4325],[174.8887,-39.4341],[174.8845,-39.4353],[174.89,-39.4375],[174.8957,-39.4438],[174.9052,-39.4459],[174.9056,-39.4528],[174.9089,-39.4565],[174.9176,-39.4659],[174.9245,-39.4728],[174.9322,-39.4773],[174.9424,-39.4796],[174.9508,-39.4811],[174.9642,-39.4851],[174.9619,-39.4915],[174.965,-39.4997],[174.9664,-39.5048],[174.9674,-39.5109],[174.9703,-39.5196],[174.9703,-39.5254],[174.9762,-39.5289],[174.9777,-39.5321],[174.9793,-39.534],[174.981,-39.5355],[174.9836,-39.5373],[174.9872,-39.5381],[174.9901,-39.5373],[174.9909,-39.5399],[174.9901,-39.5416],[174.9886,-39.5456],[174.9872,-39.5471],[174.9884,-39.5519],[174.9873,-39.5543],[174.9863,-39.5563],[174.9842,-39.5564],[174.9815,-39.5567],[174.9788,-39.5585],[174.9768,-39.5618],[174.974,-39.5637],[174.9749,-39.5658],[174.9741,-39.567],[174.9727,-39.5682],[174.9757,-39.5728],[174.9738,-39.5759],[174.9732,-39.5794],[174.9734,-39.584],[174.9721,-39.5861],[174.9731,-39.5888],[174.9737,-39.5915],[174.9708,-39.5946],[174.9699,-39.5982],[174.9684,-39.6015],[174.968,-39.6051],[174.968,-39.6063],[174.9711,-39.6097],[174.9717,-39.6123],[174.9716,-39.6159],[174.9713,-39.6195],[174.9712,-39.6224],[174.9707,-39.626],[174.9718,-39.6292],[174.9732,-39.6328],[174.974,-39.6369],[174.9747,-39.6402],[174.9709,-39.6435],[174.9705,-39.6458],[174.9718,-39.6461],[174.9746,-39.6482],[174.9736,-39.6507],[174.9726,-39.6531],[174.9765,-39.6561],[174.9792,-39.6578],[174.9837,-39.6573],[174.9837,-39.6611],[174.9878,-39.6627],[174.9876,-39.6647],[174.9852,-39.6672],[174.9814,-39.6675],[174.9755,-39.6698],[174.9733,-39.6724],[174.9746,-39.6749],[174.9698,-39.6768],[174.9648,-39.6756],[174.9593,-39.6787],[174.9539,-39.6794],[174.9502,-39.6774],[174.9462,-39.676],[174.943,-39.6775],[174.94,-39.677],[174.9391,-39.678],[174.9405,-39.68],[174.9393,-39.6823],[174.937,-39.684],[174.9345,-39.6854],[174.9331,-39.6841],[174.9301,-39.6833],[174.93,-39.6848],[174.9289,-39.6872],[174.9287,-39.6895],[174.9281,-39.6913],[174.9244,-39.6933],[174.9226,-39.6954],[174.9248,-39.6987],[174.9267,-39.6998],[174.9255,-39.7023],[174.9223,-39.7036],[174.9231,-39.7067],[174.9252,-39.709],[174.9276,-39.7127],[174.928,-39.7162],[174.9307,-39.7196],[174.9316,-39.7232],[174.928,-39.7253],[174.9254,-39.7277],[174.9267,-39.7319],[174.9231,-39.7335],[174.9237,-39.7365],[174.9206,-39.738],[174.9236,-39.7399],[174.9231,-39.7433],[174.9175,-39.7453],[174.9176,-39.7495],[174.9157,-39.7465],[174.9144,-39.7453],[174.9113,-39.7436],[174.9074,-39.742],[174.9058,-39.7442],[174.9037,-39.747],[174.9,-39.748],[174.8975,-39.7478],[174.893,-39.7484],[174.8896,-39.7506],[174.889,-39.7537],[174.8868,-39.7556],[174.8852,-39.7582],[174.8826,-39.7598],[174.8788,-39.7623],[174.8761,-39.7642],[174.8722,-39.7661],[174.872,-39.7691],[174.8697,-39.7731],[174.8641,-39.7736],[174.859,-39.7751],[174.8551,-39.7766],[174.8498,-39.78],[174.8488,-39.7908],[174.8209,-39.8011],[174.8121,-39.8015],[174.8035,-39.8028],[174.7998,-39.8202],[174.7703,-39.8504],[174.7847,-39.8581],[174.6685,-40.064],[174.6173,-40.0514],[174.5648,-40.0319],[174.5211,-40.0156],[174.4692,-40.0051],[174.4171,-39.9845],[174.3742,-39.961],[174.3299,-39.9354],[174.2889,-39.9122],[174.2487,-39.8824],[174.2143,-39.8537],[174.1748,-39.8219],[174.1377,-39.7953],[174.0896,-39.7802],[174.033,-39.7738],[173.9823,-39.763],[173.9282,-39.7499],[173.8788,-39.7369],[173.8278,-39.7175],[173.7827,-39.697],[173.7357,-39.6713],[173.7,-39.6412],[173.6715,-39.608],[173.6363,-39.5783],[173.6008,-39.5493],[173.5688,-39.5134],[173.5461,-39.4789],[173.5264,-39.4378],[173.5152,-39.3997],[173.5042,-39.364],[173.4932,-39.3194],[173.493,-39.2781],[173.4998,-39.2345],[173.5133,-39.1963],[173.5312,-39.1563],[173.552,-39.1187],[173.5792,-39.0792],[173.6135,-39.0479],[173.6509,-39.0193],[173.6954,-38.9911],[173.738,-38.9666],[173.7868,-38.9421],[173.8225,-38.912],[173.8655,-38.8818],[173.9116,-38.8614],[173.962,-38.8488],[174.0143,-38.8385],[174.058,-38.817],[174.1103,-38.7984],[174.1605,-38.7881],[174.2165,-38.7796],[174.2688,-38.7805],[174.31,-38.7592],[174.3488,-38.7318]]]]}},{"type":"Feature","properties":{"name":"Bay of Plenty","ref":"BOP"},"geometry":{"type":"MultiPolygon","coordinates":[[[[175.842,-37.4847],[175.8168,-37.4889],[175.8172,-37.495],[175.8101,-37.4996],[175.806,-37.5097],[175.8151,-37.5138],[175.8245,-37.5186],[175.8237,-37.5266],[175.8281,-37.5307],[175.8304,-37.5391],[175.8252,-37.5469],[175.8153,-37.5528],[175.8116,-37.5594],[175.8177,-37.5879],[175.8187,-37.5925],[175.8235,-37.6009],[175.8234,-37.606],[175.824,-37.61],[175.818,-37.6186],[175.8238,-37.6272],[175.8269,-37.6342],[175.8479,-37.6616],[175.873,-37.6986],[175.9086,-37.7619],[175.9212,-37.8587],[175.9293,-37.8679],[175.9772,-37.9137],[175.9459,-37.9237],[175.9416,-37.9276],[175.943,-37.9378],[175.9486,-37.9545],[175.9533,-37.9628],[175.9557,-37.9649],[175.9584,-37.9668],[175.9633,-37.9659],[175.9699,-37.9688],[175.9725,-37.9753],[175.9703,-37.985],[175.9854,-37.9892],[176.0044,-37.9912],[176.0146,-37.9943],[176.0244,-38.0007],[176.031,-38.0068],[176.0366,-38.0102],[176.044,-38.0136],[176.0516,-38.0177],[176.057,-38.0213],[176.0616,-38.0281],[176.0702,-38.0464],[176.072,-38.0875],[176.0674,-38.1008],[176.079,-38.1246],[176.0791,-38.1378],[176.0826,-38.1483],[176.0845,-38.1558],[176.09,-38.167],[176.1607,-38.2092],[176.2119,-38.2184],[176.2238,-38.2281],[176.2216,-38.2372],[176.2365,-38.2367],[176.2543,-38.2195],[176.2674,-38.2143],[176.2881,-38.2234],[176.2977,-38.231],[176.3161,-38.2482],[176.3268,-38.261],[176.331,-38.2665],[176.3406,-38.2809],[176.351,-38.2878],[176.3616,-38.2985],[176.3786,-38.3119],[176.3824,-38.3161],[176.3882,-38.3194],[176.3935,-38.3242],[176.4019,-38.3249],[176.4084,-38.326],[176.4164,-38.3211],[176.4272,-38.3158],[176.4443,-38.3171],[176.4505,-38.3347],[176.4491,-38.3567],[176.4955,-38.3917],[176.4748,-38.5159],[176.4765,-38.5346],[176.4731,-38.5462],[176.4606,-38.5526],[176.2777,-38.895],[176.308,-38.9015],[176.3138,-38.905],[176.3143,-38.9108],[176.313,-38.9197],[176.3158,-38.926],[176.3191,-38.9321],[176.3218,-38.9355],[176.324,-38.9407],[176.3286,-38.9439],[176.3311,-38.9507],[176.3385,-38.9553],[176.3471,-38.9549],[176.3576,-38.958],[176.3648,-38.9691],[176.368,-38.9747],[176.3735,-38.9815],[176.3814,-38.9884],[176.39,-38.9896],[176.3972,-38.9918],[176.4036,-38.996],[176.4099,-38.9978],[176.4155,-39.001],[176.423,-39.0015],[176.4298,-38.9999],[176.4324,-39.002],[176.4378,-39.005],[176.4439,-39.004],[176.4516,-38.9968],[176.4578,-38.9103],[176.4609,-38.8992],[176.4658,-38.8931],[176.4772,-38.8861],[176.4877,-38.884],[176.4964,-38.8789],[176.4955,-38.8731],[176.4968,-38.861],[176.5025,-38.853],[176.5087,-38.8535],[176.5089,-38.8488],[176.5069,-38.8374],[176.5094,-38.8325],[176.5111,-38.8254],[176.5101,-38.8116],[176.5196,-38.7974],[176.528,-38.7963],[176.544,-38.7978],[176.5598,-38.7998],[176.5686,-38.8075],[176.577,-38.8128],[176.5845,-38.8215],[176.5869,-38.831],[176.5912,-38.8345],[176.6023,-38.825],[176.6187,-38.822],[176.6325,-38.8234],[176.64,-38.8212],[176.6517,-38.822],[176.6578,-38.8277],[176.659,-38.8352],[176.6675,-38.8355],[176.6752,-38.8391],[176.6775,-38.8467],[176.6777,-38.855],[176.6878,-38.8577],[176.7016,-38.8497],[176.7008,-38.8391],[176.7023,-38.8317],[176.7028,-38.8259],[176.6975,-38.8228],[176.6964,-38.8141],[176.6929,-38.8081],[176.7002,-38.8035],[176.7007,-38.7931],[176.7079,-38.7889],[176.7038,-38.7825],[176.7074,-38.7717],[176.7097,-38.7643],[176.7072,-38.7551],[176.7109,-38.7464],[176.7122,-38.738],[176.7143,-38.7303],[176.7173,-38.7245],[176.7255,-38.7221],[176.7326,-38.727],[176.7423,-38.7281],[176.7429,-38.7195],[176.7441,-38.713],[176.7501,-38.7098],[176.756,-38.7094],[176.7634,-38.7038],[176.7667,-38.6979],[176.7667,-38.6907],[176.7733,-38.6845],[176.7838,-38.6814],[176.7938,-38.6821],[176.8036,-38.6816],[176.8118,-38.687],[176.8184,-38.6899],[176.8243,-38.6905],[176.8299,-38.6832],[176.8387,-38.6786],[176.8437,-38.6742],[176.8517,-38.6729],[176.8573,-38.6743],[176.8603,-38.68],[176.8678,-38.6752],[176.8737,-38.6707],[176.8804,-38.6671],[176.8879,-38.6668],[176.8953,-38.6734],[176.8986,-38.6816],[176.9093,-38.6871],[176.9169,-38.69],[176.9234,-38.6905],[176.9292,-38.6982],[176.9386,-38.6963],[176.9529,-38.6971],[176.9627,-38.6971],[176.9649,-38.7023],[176.9716,-38.7047],[176.9794,-38.6985],[176.9872,-38.694],[176.993,-38.6918],[177.0029,-38.6812],[177.0116,-38.6714],[177.0186,-38.6647],[177.0215,-38.6513],[177.0256,-38.6453],[177.0271,-38.6393],[177.0359,-38.6284],[177.0429,-38.6254],[177.0492,-38.6201],[177.0571,-38.6222],[177.0649,-38.6197],[177.0724,-38.6119],[177.0795,-38.6115],[177.0836,-38.618],[177.088,-38.6204],[177.0951,-38.6186],[177.0972,-38.6232],[177.0994,-38.6275],[177.1024,-38.6203],[177.1027,-38.6152],[177.1055,-38.6058],[177.1089,-38.6011],[177.1144,-38.5948],[177.1168,-38.5915],[177.1197,-38.5858],[177.125,-38.5826],[177.134,-38.578],[177.1412,-38.5782],[177.1444,-38.582],[177.1502,-38.5842],[177.1573,-38.5795],[177.1657,-38.5781],[177.1654,-38.5739],[177.1648,-38.5704],[177.1701,-38.5657],[177.1754,-38.562],[177.1809,-38.5542],[177.1843,-38.5465],[177.1872,-38.5404],[177.1926,-38.5347],[177.1998,-38.5284],[177.2031,-38.5242],[177.2106,-38.528],[177.2157,-38.5307],[177.225,-38.534],[177.2289,-38.5296],[177.2331,-38.5252],[177.238,-38.5193],[177.2397,-38.5144],[177.2405,-38.5107],[177.2468,-38.5116],[177.2552,-38.5122],[177.2574,-38.5083],[177.443,-38.3421],[177.4923,-38.2625],[177.4899,-38.2611],[177.489,-38.2577],[177.4908,-38.2533],[177.4907,-38.2504],[177.4896,-38.2497],[177.4883,-38.247],[177.4856,-38.2448],[177.4834,-38.2432],[177.4829,-38.2412],[177.4821,-38.2404],[177.4822,-38.2383],[177.4861,-38.2376],[177.4876,-38.2392],[177.4902,-38.2399],[177.4915,-38.2386],[177.4922,-38.2358],[177.4918,-38.2346],[177.4909,-38.2325],[177.4935,-38.2324],[177.4939,-38.2308],[177.4935,-38.2293],[177.4939,-38.2283],[177.494,-38.2256],[177.4935,-38.2241],[177.4951,-38.2239],[177.4946,-38.2221],[177.4948,-38.2213],[177.4977,-38.2209],[177.4978,-38.2189],[177.5009,-38.2179],[177.5027,-38.2164],[177.5014,-38.2132],[177.5062,-38.2167],[177.5268,-38.2184],[177.5574,-38.2073],[177.5626,-38.2007],[177.5687,-38.1956],[177.5772,-38.1928],[177.582,-38.1924],[177.5872,-38.1919],[177.5943,-38.1896],[177.6007,-38.1851],[177.6039,-38.1858],[177.608,-38.1724],[177.6134,-38.1712],[177.6213,-38.1685],[177.6277,-38.1609],[177.6423,-38.1638],[177.6517,-38.1591],[177.6521,-38.1545],[177.6527,-38.1485],[177.6528,-38.1444],[177.6509,-38.1419],[177.6528,-38.1359],[177.6552,-38.1335],[177.6569,-38.1314],[177.662,-38.1287],[177.6605,-38.1262],[177.6629,-38.1246],[177.6644,-38.1208],[177.6638,-38.1169],[177.667,-38.1179],[177.6689,-38.1171],[177.6678,-38.1135],[177.6755,-38.1138],[177.681,-38.1127],[177.685,-38.1105],[177.6862,-38.1071],[177.6906,-38.1092],[177.6924,-38.1049],[177.6962,-38.1034],[177.7025,-38.1059],[177.6978,-38.1017],[177.6945,-38.0994],[177.6949,-38.0968],[177.69,-38.0975],[177.6909,-38.095],[177.6894,-38.0919],[177.6862,-38.085],[177.6828,-38.0828],[177.6798,-38.0859],[177.6775,-38.0848],[177.6801,-38.079],[177.6867,-38.0782],[177.6878,-38.075],[177.6923,-38.0655],[177.6973,-38.0619],[177.695,-38.0586],[177.6942,-38.054],[177.6906,-38.0503],[177.6862,-38.0431],[177.6822,-38.0366],[177.6802,-38.0314],[177.6762,-38.0276],[177.6743,-38.0241],[177.6736,-38.0191],[177.6802,-38.0146],[177.6991,-38.0208],[177.7054,-38.0221],[177.8557,-38.1074],[177.9946,-37.7643],[177.9963,-37.7598],[177.9935,-37.7547],[177.9904,-37.752],[177.9854,-37.7492],[177.9784,-37.7446],[177.9772,-37.7398],[177.9789,-37.7347],[177.9789,-37.7305],[177.9829,-37.7274],[177.9876,-37.7244],[177.9912,-37.7207],[177.9932,-37.7167],[177.99,-37.7146],[177.9887,-37.7131],[177.989,-37.7112],[177.9863,-37.7078],[177.9864,-37.7049],[177.9851,-37.7034],[177.9873,-37.7012],[177.9878,-37.6999],[177.9866,-37.6972],[177.9897,-37.6976],[177.993,-37.6968],[177.9946,-37.6951],[177.9948,-37.692],[177.9982,-37.6899],[177.9954,-37.6897],[177.9924,-37.6902],[177.992,-37.6881],[177.9935,-37.6866],[177.9926,-37.6858],[177.9931,-37.6839],[177.9948,-37.6811],[177.9921,-37.6796],[177.993,-37.6782],[177.993,-37.676],[177.9941,-37.6737],[177.9931,-37.671],[177.9926,-37.6687],[177.992,-37.6668],[177.9921,-37.6636],[177.9931,-37.6607],[177.993,-37.6585],[177.9921,-37.6573],[177.991,-37.6534],[177.9887,-37.654],[177.9903,-37.6521],[177.9909,-37.6504],[177.9902,-37.6491],[177.9875,-37.6484],[177.9842,-37.6417],[177.9806,-37.6353],[177.9756,-37.6294],[177.9784,-37.6214],[177.9797,-37.6141],[177.9867,-37.6088],[178.0262,-37.6032],[178.0285,-37.6039],[178.0311,-37.6031],[178.0336,-37.6028],[178.0338,-37.6001],[178.0367,-37.5998],[178.0391,-37.5987],[178.1072,-37.4603],[178.0666,-37.3389],[178.0036,-37.3339],[177.9335,-37.3366],[177.8713,-37.353],[177.813,-37.3842],[177.7702,-37.4238],[177.7217,-37.4609],[177.6649,-37.4814],[177.5995,-37.5034],[177.5476,-37.5363],[177.5048,-37.58],[177.463,-37.6188],[177.4303,-37.6671],[177.3926,-37.7066],[177.3559,-37.7526],[177.3114,-37.7893],[177.2436,-37.7888],[177.2056,-37.7546],[177.2326,-37.733],[177.2959,-37.7165],[177.355,-37.6847],[177.3987,-37.6451],[177.432,-37.5961],[177.4466,-37.5453],[177.4455,-37.489],[177.4283,-37.4377],[177.3919,-37.3889],[177.3438,-37.3524],[177.2877,-37.318],[177.2309,-37.2914],[177.1628,-37.277],[177.0969,-37.2777],[177.0293,-37.2936],[176.9731,-37.3205],[176.9246,-37.3608],[176.8934,-37.4068],[176.8769,-37.4615],[176.8794,-37.5141],[176.901,-37.5677],[176.9374,-37.6116],[176.9003,-37.6154],[176.8357,-37.618],[176.7976,-37.5915],[176.768,-37.5464],[176.7361,-37.496],[176.6922,-37.4563],[176.6327,-37.4256],[176.5879,-37.3869],[176.5278,-37.3573],[176.5256,-37.3144],[176.5305,-37.2587],[176.5176,-37.2075],[176.486,-37.1577],[176.4435,-37.1193],[176.3874,-37.087],[176.3269,-37.069],[176.3378,-37.0274],[176.3541,-36.9765],[176.3544,-36.92],[175.936,-37.3747],[175.9184,-37.3799],[175.9257,-37.3839],[175.9172,-37.4028],[175.9039,-37.4057],[175.9112,-37.4229],[175.8781,-37.4448],[175.8672,-37.4679],[175.8993,-37.4957],[175.842,-37.4847]]]]}},{"type":"Feature","properties":{"name":"Auckland","ref":"AUK"},"geometry":{"type":"MultiPolygon","coordinates":[[[[174.4262,-37.3645],[174.4157,-37.3476],[174.4088,-37.3336],[174.3991,-37.3171],[174.3921,-37.3038],[174.3851,-37.2866],[174.3756,-37.2711],[174.3658,-37.2583],[174.3552,-37.2415],[174.3483,-37.2276],[174.3353,-37.2122],[174.3169,-37.2007],[174.3033,-37.1906],[174.2876,-37.1768],[174.2762,-37.1649],[174.2636,-37.1492],[174.2529,-37.1326],[174.2475,-37.1223],[174.24,-37.1047],[174.2355,-37.0902],[174.2318,-37.0718],[174.2302,-37.0531],[174.227,-37.0395],[174.223,-37.0228],[174.2183,-37.0087],[174.2126,-36.9914],[174.2065,-36.9748],[174.2013,-36.9615],[174.1945,-36.9448],[174.1903,-36.9312],[174.1855,-36.9146],[174.179,-36.898],[174.1743,-36.8844],[174.1715,-36.8737],[174.1629,-36.8581],[174.1522,-36.8424],[174.1449,-36.8293],[174.135,-36.8163],[174.122,-36.8007],[174.1128,-36.7876],[174.1032,-36.7705],[174.0938,-36.7574],[174.0822,-36.7414],[174.0698,-36.7262],[174.0611,-36.7134],[174.047,-36.6994],[174.0359,-36.688],[174.0228,-36.6732],[174.0085,-36.6582],[173.9983,-36.6455],[173.9851,-36.6308],[173.9745,-36.6194],[173.9616,-36.6066],[174.1041,-36.4454],[174.1419,-36.4262],[174.1731,-36.4115],[174.1844,-36.4067],[174.1931,-36.4016],[174.1961,-36.3973],[174.2012,-36.387],[174.2056,-36.3743],[174.2114,-36.3546],[174.2165,-36.3418],[174.2304,-36.3111],[174.235,-36.3014],[174.2375,-36.2975],[174.2399,-36.2959],[174.2446,-36.2952],[174.2706,-36.2981],[174.2865,-36.3008],[174.2957,-36.3024],[174.2987,-36.3038],[174.302,-36.3065],[174.3053,-36.3121],[174.3071,-36.3144],[174.3111,-36.3173],[174.3131,-36.318],[174.3165,-36.3176],[174.3214,-36.3154],[174.3233,-36.3151],[174.3262,-36.3157],[174.3283,-36.3167],[174.3333,-36.3191],[174.3387,-36.3201],[174.3424,-36.3198],[174.3511,-36.3178],[174.3562,-36.3159],[174.3589,-36.3141],[174.3616,-36.31],[174.3633,-36.3059],[174.3656,-36.3032],[174.3698,-36.3002],[174.3747,-36.2978],[174.3804,-36.2967],[174.3923,-36.2953],[174.3966,-36.2938],[174.4003,-36.2917],[174.4036,-36.2888],[174.4073,-36.2831],[174.4104,-36.2791],[174.414,-36.2766],[174.4212,-36.2745],[174.4256,-36.2731],[174.4272,-36.2721],[174.4284,-36.2689],[174.4294,-36.2676],[174.432,-36.2666],[174.4351,-36.2665],[174.4373,-36.266],[174.4396,-36.2649],[174.4473,-36.2594],[174.4512,-36.2561],[174.4536,-36.2534],[174.4549,-36.253],[174.4563,-36.2532],[174.4572,-36.2547],[174.4573,-36.2565],[174.4579,-36.258],[174.4589,-36.2591],[174.4612,-36.2605],[174.4638,-36.2611],[174.4657,-36.2609],[174.4677,-36.2601],[174.4694,-36.2583],[174.4704,-36.2552],[174.4718,-36.2522],[174.4733,-36.2484],[174.4736,-36.244],[174.4727,-36.2412],[174.4723,-36.2384],[174.4733,-36.2355],[174.4746,-36.2341],[174.4767,-36.2319],[174.4779,-36.2299],[174.4794,-36.2287],[174.4813,-36.2281],[174.4832,-36.228],[174.4851,-36.2296],[174.4858,-36.2258],[174.4893,-36.2241],[174.4987,-36.2239],[174.5019,-36.2211],[174.5048,-36.22],[174.5064,-36.2197],[174.5105,-36.2161],[174.5134,-36.2142],[174.515,-36.2129],[174.5164,-36.2121],[174.5174,-36.2113],[174.5188,-36.2105],[174.5207,-36.2108],[174.522,-36.2103],[174.5238,-36.2088],[174.5254,-36.2078],[174.5232,-36.2047],[174.5232,-36.2015],[174.5226,-36.1985],[174.5234,-36.1961],[174.526,-36.1936],[174.5269,-36.1918],[174.5297,-36.1903],[174.5308,-36.1882],[174.5322,-36.1861],[174.5329,-36.1847],[174.5368,-36.1831],[174.5409,-36.182],[174.5446,-36.1801],[174.548,-36.1802],[174.5507,-36.1781],[174.5544,-36.1775],[174.5572,-36.1782],[174.5628,-36.1791],[174.5657,-36.1714],[174.5798,-36.167],[174.5829,-36.1644],[174.5827,-36.162],[174.5851,-36.1609],[174.5865,-36.1585],[174.5865,-36.1572],[174.584,-36.1553],[174.584,-36.1535],[174.5824,-36.1483],[174.5853,-36.1424],[174.5872,-36.1411],[174.5937,-36.1418],[174.5986,-36.1394],[174.6008,-36.1332],[174.6069,-36.1328],[174.6064,-36.1292],[174.6094,-36.1203],[174.7826,-36.0071],[174.8043,-35.99],[174.8131,-35.9823],[174.8216,-35.9742],[174.8619,-35.9238],[174.8713,-35.9095],[174.8824,-35.8897],[174.8903,-35.8728],[174.8956,-35.859],[174.9027,-35.8366],[174.9065,-35.8225],[174.9101,-35.8038],[174.9124,-35.7845],[174.9134,-35.7602],[174.9133,-35.7278],[174.9114,-35.7133],[174.9285,-35.7225],[174.9483,-35.7178],[174.9651,-35.712],[174.9867,-35.706],[175.0045,-35.7025],[175.027,-35.6996],[175.0498,-35.6984],[175.068,-35.6987],[175.0907,-35.7006],[175.1092,-35.6995],[175.1323,-35.6998],[175.1552,-35.7018],[175.1733,-35.7046],[175.1956,-35.7097],[175.2129,-35.715],[175.2337,-35.7231],[175.2536,-35.7327],[175.2657,-35.7397],[175.2845,-35.7491],[175.3004,-35.7569],[175.319,-35.7681],[175.3364,-35.7806],[175.3491,-35.7916],[175.3636,-35.8063],[175.374,-35.8188],[175.3926,-35.8243],[175.4158,-35.824],[175.4344,-35.825],[175.4574,-35.8279],[175.4754,-35.8315],[175.4975,-35.8375],[175.5188,-35.8451],[175.5351,-35.8524],[175.5544,-35.8629],[175.569,-35.8724],[175.5859,-35.8854],[175.6013,-35.8996],[175.6123,-35.9118],[175.6245,-35.9264],[175.633,-35.9383],[175.6467,-35.9514],[175.6656,-35.9619],[175.6799,-35.9713],[175.6964,-35.9843],[175.7085,-35.9955],[175.7221,-36.0105],[175.7318,-36.0232],[175.7421,-36.0398],[175.7506,-36.0572],[175.7559,-36.0715],[175.7606,-36.0897],[175.7629,-36.1045],[175.7642,-36.1232],[175.764,-36.1418],[175.7623,-36.1566],[175.7583,-36.1749],[175.7572,-36.1888],[175.7675,-36.2047],[175.776,-36.2213],[175.7882,-36.2284],[175.8114,-36.2306],[175.8297,-36.2337],[175.852,-36.2389],[175.8735,-36.2456],[175.8901,-36.2521],[175.6281,-36.385],[175.251,-36.3997],[175.2666,-36.7038],[175.3793,-36.9626],[175.2913,-37.024],[175.2077,-37.0301],[175.2067,-37.0373],[175.2044,-37.0376],[175.2028,-37.0385],[175.2012,-37.038],[175.1994,-37.0363],[175.1978,-37.0362],[175.1965,-37.0368],[175.195,-37.0377],[175.1936,-37.0386],[175.1913,-37.039],[175.1893,-37.039],[175.1867,-37.0398],[175.1845,-37.0402],[175.1829,-37.039],[175.1816,-37.0365],[175.1802,-37.0355],[175.1786,-37.0329],[175.1785,-37.0303],[175.1765,-37.0283],[175.1736,-37.027],[175.1718,-37.0256],[175.1677,-37.0211],[175.1656,-37.0207],[175.1651,-37.0183],[175.1639,-37.0161],[175.1616,-37.0158],[175.1599,-37.0171],[175.1572,-37.018],[175.1558,-37.0189],[175.1547,-37.0201],[175.1538,-37.0206],[175.1519,-37.0239],[175.1536,-37.028],[175.1555,-37.0304],[175.155,-37.0335],[175.1539,-37.0355],[175.1546,-37.0383],[175.1537,-37.0404],[175.1545,-37.0446],[175.1556,-37.047],[175.1542,-37.0491],[175.1524,-37.0498],[175.151,-37.0513],[175.1512,-37.0521],[175.148,-37.0536],[175.1482,-37.0548],[175.1477,-37.0562],[175.1483,-37.0569],[175.1467,-37.0583],[175.1468,-37.0596],[175.1465,-37.0605],[175.1471,-37.0622],[175.1468,-37.0637],[175.1481,-37.0657],[175.149,-37.0673],[175.1463,-37.0689],[175.1476,-37.0701],[175.1466,-37.0712],[175.1489,-37.0708],[175.1483,-37.0759],[175.1458,-37.0765],[175.1452,-37.078],[175.145,-37.0787],[175.1446,-37.0798],[175.1444,-37.0812],[175.1443,-37.082],[175.1442,-37.0832],[175.1445,-37.0849],[175.1446,-37.0864],[175.1448,-37.0876],[175.1458,-37.0883],[175.1464,-37.0898],[175.145,-37.0908],[175.1441,-37.0918],[175.1438,-37.0932],[175.1437,-37.0936],[175.1432,-37.0939],[175.1429,-37.0948],[175.1427,-37.0959],[175.1429,-37.0972],[175.1425,-37.0977],[175.1414,-37.0986],[175.1412,-37.0988],[175.1445,-37.103],[175.1434,-37.108],[175.1473,-37.1099],[175.1473,-37.1125],[175.1482,-37.1163],[175.1499,-37.1185],[175.1512,-37.1202],[175.1542,-37.121],[175.154,-37.125],[175.1527,-37.1268],[175.1533,-37.129],[175.1534,-37.1315],[175.1537,-37.1329],[175.1538,-37.1348],[175.1539,-37.1361],[175.1528,-37.1387],[175.1527,-37.1418],[175.1497,-37.1427],[175.1439,-37.1677],[175.1366,-37.1694],[175.139,-37.1718],[175.1399,-37.1725],[175.1398,-37.1736],[175.1419,-37.1757],[175.1317,-37.1817],[175.13,-37.1864],[175.1265,-37.1862],[175.1233,-37.1848],[175.121,-37.1892],[175.1164,-37.1882],[175.1103,-37.1879],[175.0959,-37.1799],[175.0956,-37.1797],[175.0952,-37.1797],[175.0946,-37.1802],[175.0935,-37.1805],[175.0931,-37.1807],[175.0926,-37.1807],[175.092,-37.1807],[175.0919,-37.1802],[175.0912,-37.18],[175.0904,-37.1797],[175.0896,-37.1795],[175.0893,-37.1801],[175.0888,-37.1806],[175.0884,-37.1816],[175.088,-37.1815],[175.0873,-37.1822],[175.0867,-37.1821],[175.0853,-37.182],[175.0841,-37.1816],[175.0836,-37.1816],[175.0814,-37.1816],[175.0806,-37.1823],[175.061,-37.1814],[175.0506,-37.1818],[175.0454,-37.1828],[175.045,-37.1878],[175.0376,-37.192],[175.0347,-37.1909],[175.0326,-37.1902],[175.0326,-37.1887],[175.0273,-37.1963],[175.0184,-37.1957],[175.0142,-37.1969],[175.0097,-37.2016],[175.0073,-37.2051],[174.9971,-37.2115],[174.9872,-37.2138],[174.9796,-37.2092],[174.9665,-37.1964],[174.9648,-37.1976],[174.9573,-37.1986],[174.9502,-37.1955],[174.948,-37.1957],[174.9419,-37.1991],[174.9364,-37.2033],[174.9365,-37.2146],[174.9315,-37.2267],[174.9314,-37.2289],[174.9279,-37.2328],[174.9277,-37.2311],[174.9259,-37.232],[174.9257,-37.2312],[174.9256,-37.2307],[174.9243,-37.2308],[174.9237,-37.2314],[174.9228,-37.2346],[174.919,-37.2362],[174.9162,-37.2308],[174.8972,-37.2318],[174.8867,-37.2307],[174.8804,-37.2359],[174.8757,-37.2406],[174.8736,-37.2387],[174.8637,-37.2439],[174.8553,-37.2442],[174.8478,-37.2471],[174.8465,-37.2385],[174.8435,-37.2344],[174.8348,-37.2334],[174.8295,-37.2326],[174.8265,-37.2322],[174.8184,-37.2304],[174.8163,-37.2291],[174.8138,-37.2284],[174.8102,-37.2299],[174.8064,-37.2269],[174.8042,-37.2296],[174.801,-37.2316],[174.7973,-37.2338],[174.7928,-37.2344],[174.7921,-37.2392],[174.7877,-37.2402],[174.7783,-37.2412],[174.7734,-37.2431],[174.7714,-37.2446],[174.7622,-37.2497],[174.7571,-37.2517],[174.7518,-37.2568],[174.7441,-37.2642],[174.7391,-37.2679],[174.7328,-37.2686],[174.7312,-37.265],[174.7314,-37.2629],[174.7259,-37.2629],[174.725,-37.2611],[174.7201,-37.2586],[174.7092,-37.2618],[174.7011,-37.2617],[174.6893,-37.2662],[174.6834,-37.2695],[174.6793,-37.2729],[174.6736,-37.2757],[174.6649,-37.2789],[174.6597,-37.2816],[174.658,-37.2831],[174.6599,-37.2861],[174.661,-37.2907],[174.4262,-37.3645]]]]}},{"type":"Feature","properties":{"name":"Waikato","ref":"WKO"},"geometry":{"type":"MultiPolygon","coordinates":[[[[174.3632,-38.6495],[174.3718,-38.5988],[174.3767,-38.5453],[174.3737,-38.496],[174.382,-38.4464],[174.3773,-38.3926],[174.3847,-38.3407],[174.4088,-38.292],[174.4513,-38.2473],[174.444,-38.196],[174.4276,-38.1459],[174.3796,-38.1065],[174.3415,-38.0631],[174.3183,-38.0097],[174.3144,-37.9569],[174.3282,-37.9053],[174.3612,-37.8551],[174.4067,-37.8167],[174.4634,-37.7889],[174.5319,-37.7733],[174.5621,-37.728],[174.5406,-37.6808],[174.5023,-37.6348],[174.4778,-37.5857],[174.4703,-37.5333],[174.458,-37.4797],[174.4478,-37.4286],[174.4342,-37.3818],[174.6599,-37.2861],[174.6649,-37.2789],[174.6834,-37.2695],[174.7125,-37.2597],[174.726,-37.2648],[174.736,-37.268],[174.7555,-37.2543],[174.7731,-37.243],[174.7916,-37.2398],[174.801,-37.2316],[174.8102,-37.2299],[174.8237,-37.2326],[174.8429,-37.2353],[174.8484,-37.2497],[174.8751,-37.2399],[174.8941,-37.2319],[174.9223,-37.2348],[174.9256,-37.2307],[174.9277,-37.2311],[174.9325,-37.225],[174.9484,-37.1969],[174.9635,-37.1979],[174.9808,-37.2084],[175.009,-37.2024],[175.0276,-37.1968],[175.0336,-37.191],[175.0454,-37.1828],[175.0813,-37.1819],[175.0843,-37.1818],[175.0875,-37.1821],[175.0893,-37.1802],[175.0908,-37.1798],[175.0925,-37.1807],[175.0942,-37.1805],[175.0959,-37.1799],[175.1212,-37.1885],[175.1307,-37.1864],[175.1399,-37.1729],[175.1352,-37.1687],[175.153,-37.1396],[175.1533,-37.1333],[175.1526,-37.1272],[175.1512,-37.1202],[175.1472,-37.1116],[175.1446,-37.1013],[175.1426,-37.0975],[175.143,-37.0943],[175.1439,-37.0922],[175.1462,-37.0887],[175.1446,-37.0851],[175.1444,-37.0812],[175.1452,-37.078],[175.1479,-37.0709],[175.1455,-37.0684],[175.1469,-37.0634],[175.1471,-37.0588],[175.1476,-37.0549],[175.1512,-37.0515],[175.1556,-37.047],[175.1546,-37.0383],[175.1556,-37.0298],[175.1543,-37.0206],[175.1582,-37.0178],[175.165,-37.0172],[175.1695,-37.024],[175.1768,-37.0298],[175.1816,-37.0365],[175.1867,-37.0398],[175.1936,-37.0386],[175.1981,-37.0362],[175.2031,-37.0386],[175.2678,-37.0274],[175.1807,-36.5],[175.9285,-36.2726],[175.975,-36.3082],[176.0127,-36.354],[176.0328,-36.4027],[176.089,-36.4294],[176.1374,-36.4699],[176.1684,-36.5162],[176.1868,-36.5656],[176.1971,-36.6188],[176.1918,-36.6703],[176.1702,-36.719],[176.2125,-36.7497],[176.2626,-36.7835],[176.3099,-36.8255],[176.3405,-36.8722],[175.9336,-37.3742],[175.9182,-37.3801],[175.9257,-37.3843],[175.9172,-37.4028],[175.9042,-37.4101],[175.9112,-37.4229],[175.8781,-37.4448],[175.8672,-37.4679],[175.8993,-37.4957],[175.8437,-37.487],[175.8167,-37.4887],[175.8173,-37.4947],[175.8122,-37.4987],[175.8059,-37.508],[175.8122,-37.5137],[175.8244,-37.518],[175.8235,-37.5257],[175.8272,-37.5302],[175.831,-37.5368],[175.8265,-37.5457],[175.8177,-37.5516],[175.8121,-37.5572],[175.8077,-37.5744],[175.8188,-37.5912],[175.8223,-37.5991],[175.8239,-37.6048],[175.8237,-37.609],[175.8167,-37.6169],[175.8232,-37.626],[175.8261,-37.6323],[175.8352,-37.6515],[175.8737,-37.6921],[175.881,-37.7107],[175.9138,-37.8459],[175.9243,-37.8707],[175.9496,-37.874],[175.948,-37.9223],[175.943,-37.9259],[175.9411,-37.9309],[175.9468,-37.9495],[175.9521,-37.961],[175.9553,-37.9646],[175.9575,-37.9658],[175.9611,-37.9677],[175.9659,-37.9657],[175.9718,-37.9712],[175.9706,-37.9802],[175.978,-37.9879],[175.9946,-37.9903],[176.0115,-37.9928],[176.0176,-37.9957],[176.0286,-38.005],[176.0338,-38.0088],[176.0416,-38.0124],[176.0475,-38.0153],[176.0545,-38.0194],[176.06,-38.0246],[176.0559,-38.0384],[176.076,-38.0731],[176.0669,-38.0928],[176.0753,-38.1005],[176.0783,-38.1309],[176.081,-38.1417],[176.0824,-38.1516],[176.0865,-38.1592],[176.1143,-38.1722],[176.1945,-38.2084],[176.2173,-38.2278],[176.2207,-38.2305],[176.2242,-38.2375],[176.244,-38.2322],[176.257,-38.2185],[176.2726,-38.2152],[176.2917,-38.2265],[176.3006,-38.2369],[176.318,-38.2506],[176.329,-38.2602],[176.3314,-38.2676],[176.3428,-38.281],[176.3527,-38.2902],[176.3661,-38.3023],[176.3788,-38.3123],[176.3843,-38.3165],[176.3884,-38.3203],[176.3944,-38.3244],[176.4025,-38.3252],[176.4097,-38.3256],[176.4167,-38.3209],[176.4276,-38.3154],[176.4446,-38.3172],[176.4517,-38.3436],[176.4516,-38.3569],[176.5053,-38.4022],[176.4748,-38.5159],[176.4772,-38.5377],[176.4731,-38.5462],[176.4606,-38.5526],[176.2535,-38.8911],[176.2461,-38.9134],[176.2524,-38.9286],[176.2522,-38.9514],[176.2477,-38.9551],[176.2455,-38.9582],[176.2415,-38.9625],[176.2371,-38.967],[176.2319,-38.9732],[176.2218,-38.978],[176.2163,-38.9854],[176.2114,-38.9907],[176.2014,-38.9928],[176.1934,-38.9975],[176.1832,-39.0051],[176.176,-39.0117],[176.171,-39.0194],[176.1671,-39.0259],[176.1574,-39.0308],[176.1508,-39.0355],[176.1455,-39.0402],[176.1435,-39.0488],[176.1497,-39.0538],[176.155,-39.0556],[176.1622,-39.056],[176.1693,-39.0569],[176.1738,-39.0606],[176.1767,-39.064],[176.179,-39.0681],[176.1768,-39.0716],[176.1736,-39.0772],[176.1098,-39.0939],[176.1097,-39.0982],[176.1055,-39.1016],[176.1012,-39.1019],[176.1008,-39.1042],[176.0969,-39.1069],[176.0955,-39.1091],[176.0929,-39.1148],[176.0964,-39.1188],[176.0941,-39.1225],[176.0922,-39.1266],[176.0895,-39.1293],[176.0834,-39.1292],[176.079,-39.1262],[176.0731,-39.1245],[176.0676,-39.1217],[176.0636,-39.1184],[176.0622,-39.1133],[176.0602,-39.11],[176.0554,-39.1066],[176.0512,-39.1048],[176.0469,-39.1033],[176.0437,-39.1017],[176.0377,-39.0985],[176.0327,-39.0996],[176.0319,-39.0926],[176.0356,-39.09],[176.0366,-39.086],[176.0321,-39.0817],[176.0312,-39.0781],[176.0269,-39.0816],[176.0233,-39.0828],[176.0204,-39.0861],[176.0162,-39.09],[176.0127,-39.0942],[176.0096,-39.0981],[176.0052,-39.1016],[176.0063,-39.1052],[176.0069,-39.1096],[176.003,-39.1136],[175.9989,-39.1136],[175.9938,-39.1145],[175.9888,-39.1159],[175.9867,-39.1213],[175.984,-39.1255],[175.9831,-39.1299],[175.9833,-39.1346],[175.9806,-39.137],[175.9793,-39.1414],[175.9754,-39.1479],[175.9756,-39.1504],[175.9734,-39.1548],[175.9684,-39.1583],[175.9641,-39.1597],[175.9643,-39.163],[175.9676,-39.1698],[175.9664,-39.1737],[175.9651,-39.1779],[175.9611,-39.1825],[175.9544,-39.1869],[175.9482,-39.1878],[175.9402,-39.1873],[175.9313,-39.1884],[175.9198,-39.1902],[175.9185,-39.1946],[175.9187,-39.1988],[175.9119,-39.1988],[175.9047,-39.1998],[175.8995,-39.2037],[175.8896,-39.2051],[175.8877,-39.2107],[175.8929,-39.2138],[175.8936,-39.2218],[175.8864,-39.2271],[175.8816,-39.2318],[175.8747,-39.2376],[175.862,-39.2426],[175.8556,-39.2439],[175.8564,-39.2504],[175.8617,-39.2545],[175.8693,-39.2597],[175.8649,-39.2649],[175.8552,-39.2684],[175.8431,-39.2705],[175.836,-39.2768],[175.8326,-39.2843],[175.8123,-39.3007],[175.7638,-39.2912],[175.5772,-39.2465],[175.6478,-39.1],[175.6432,-39.0979],[175.6387,-39.0948],[175.6318,-39.0878],[175.623,-39.0872],[175.6222,-39.064],[175.6224,-39.0597],[175.6317,-39.0464],[175.6312,-39.0487],[175.6477,-39.0187],[175.6035,-38.9821],[175.5634,-38.984],[175.5644,-38.982],[175.565,-38.9796],[175.5656,-38.9772],[175.5651,-38.9741],[175.5656,-38.9724],[175.5676,-38.971],[175.5694,-38.9701],[175.5675,-38.9688],[175.5661,-38.9697],[175.5638,-38.9713],[175.5617,-38.9723],[175.5571,-38.9645],[175.5555,-38.9539],[175.5659,-38.9358],[175.5741,-38.9204],[175.5605,-38.8872],[175.5499,-38.8734],[175.5447,-38.8646],[175.5607,-38.8426],[175.5766,-38.821],[175.5586,-38.7958],[175.5545,-38.7897],[175.5397,-38.7846],[175.5323,-38.7754],[175.5283,-38.7712],[175.5263,-38.7626],[175.5186,-38.7552],[175.523,-38.7502],[175.5239,-38.7457],[175.5378,-38.7307],[175.5631,-38.7012],[175.5787,-38.683],[175.5784,-38.6579],[175.6045,-38.6292],[175.6092,-38.6242],[175.6149,-38.6177],[175.6207,-38.6083],[175.6285,-38.6007],[175.632,-38.5924],[175.6325,-38.5822],[175.6344,-38.5754],[175.6056,-38.4885],[175.5211,-38.4795],[175.5097,-38.4813],[175.4916,-38.4819],[175.4836,-38.4838],[175.4819,-38.4789],[175.4731,-38.4825],[175.4663,-38.4852],[175.4567,-38.4865],[175.4476,-38.4882],[175.4426,-38.4914],[175.441,-38.4947],[175.4434,-38.4986],[175.4351,-38.501],[175.4273,-38.5054],[175.4231,-38.5112],[175.4161,-38.5132],[175.4177,-38.5211],[175.4154,-38.5279],[175.4084,-38.5336],[175.3998,-38.5381],[175.3934,-38.5433],[175.3838,-38.5415],[175.3354,-38.5695],[175.303,-38.5715],[175.2653,-38.6137],[175.2608,-38.6127],[175.2551,-38.6157],[175.2485,-38.6154],[175.2406,-38.6235],[175.235,-38.6302],[175.2233,-38.6352],[175.2119,-38.6392],[175.2044,-38.6376],[175.1965,-38.6333],[175.1891,-38.6305],[175.1801,-38.6303],[175.1719,-38.6278],[175.1642,-38.6279],[175.1575,-38.6293],[175.1497,-38.6307],[175.1366,-38.6299],[175.1092,-38.6245],[175.0977,-38.6341],[175.0867,-38.6355],[175.0806,-38.6333],[175.0721,-38.6299],[175.0703,-38.6348],[175.058,-38.6443],[175.0496,-38.6501],[175.038,-38.6557],[175.0269,-38.6588],[175.0151,-38.6607],[175.0011,-38.6653],[174.9865,-38.6655],[174.9756,-38.6653],[174.9636,-38.6643],[174.9551,-38.6708],[174.9587,-38.6796],[174.9582,-38.688],[174.9635,-38.6981],[174.9529,-38.7021],[174.9535,-38.7124],[174.9436,-38.7191],[174.9386,-38.7264],[174.9348,-38.7336],[174.9374,-38.7407],[174.9381,-38.7486],[174.9319,-38.7548],[174.9186,-38.7535],[174.9098,-38.7548],[174.9024,-38.7539],[174.897,-38.7545],[174.8926,-38.7586],[174.8848,-38.762],[174.8739,-38.7658],[174.8691,-38.7647],[174.8663,-38.7694],[174.8615,-38.7741],[174.851,-38.773],[174.8436,-38.7671],[174.8353,-38.7647],[174.8286,-38.7603],[174.8272,-38.7552],[174.8221,-38.7471],[174.8154,-38.7409],[174.8055,-38.736],[174.7972,-38.7327],[174.792,-38.7318],[174.7875,-38.7336],[174.7822,-38.7347],[174.7765,-38.7374],[174.7707,-38.7366],[174.7649,-38.7385],[174.7615,-38.7424],[174.7591,-38.7437],[174.7556,-38.7444],[174.7511,-38.7444],[174.743,-38.7389],[174.7397,-38.7359],[174.7265,-38.7342],[174.7028,-38.731],[174.6923,-38.733],[174.6681,-38.7289],[174.6632,-38.7307],[174.6569,-38.7321],[174.6508,-38.7312],[174.6476,-38.7278],[174.6472,-38.7222],[174.6422,-38.721],[174.6278,-38.7219],[174.6134,-38.7135],[174.3514,-38.7016],[174.3632,-38.6495]]]]}},{"type":"Feature","properties":{"name":"Northland","ref":"NTL"},"geometry":{"type":"MultiPolygon","coordinates":[[[[173.0025,-35.4774],[173.0116,-35.4891],[173.0242,-35.504],[173.0354,-35.5158],[173.0508,-35.5294],[173.0643,-35.5395],[173.0767,-35.5536],[173.0877,-35.5643],[173.1016,-35.5777],[173.1118,-35.5895],[173.1246,-35.6048],[173.1345,-35.6169],[173.1428,-35.6334],[173.1502,-35.6466],[173.1606,-35.6629],[173.1702,-35.6754],[173.1837,-35.6902],[173.1957,-35.7012],[173.2098,-35.7152],[173.2174,-35.7286],[173.2285,-35.7447],[173.2387,-35.7569],[173.2529,-35.7712],[173.2654,-35.7818],[173.2823,-35.7941],[173.2942,-35.8047],[173.3073,-35.8193],[173.3176,-35.831],[173.3277,-35.8477],[173.3371,-35.8605],[173.3504,-35.8756],[173.3623,-35.8869],[173.3768,-35.8996],[173.3889,-35.9098],[173.4052,-35.922],[173.4166,-35.9336],[173.4307,-35.9486],[173.4409,-35.9607],[173.4552,-35.975],[173.4661,-35.9869],[173.4791,-36.0024],[173.4889,-36.0148],[173.5019,-36.0296],[173.5134,-36.0408],[173.5279,-36.0543],[173.5384,-36.066],[173.5523,-36.0807],[173.5633,-36.0927],[173.5761,-36.1082],[173.5853,-36.1206],[173.5984,-36.1353],[173.6099,-36.1463],[173.6221,-36.1614],[173.633,-36.1728],[173.6459,-36.1877],[173.6563,-36.1999],[173.6686,-36.2152],[173.6784,-36.2274],[173.6922,-36.2418],[173.7022,-36.2543],[173.7163,-36.269],[173.7255,-36.281],[173.7372,-36.2958],[173.7463,-36.3082],[173.7573,-36.3242],[173.7654,-36.3379],[173.7755,-36.3545],[173.7795,-36.3682],[173.7813,-36.3866],[173.7832,-36.4015],[173.7877,-36.4199],[173.7927,-36.4344],[173.8009,-36.452],[173.8084,-36.4656],[173.8178,-36.4823],[173.8267,-36.4952],[173.8395,-36.5104],[173.8508,-36.522],[173.8661,-36.5359],[173.8963,-36.5586],[174.1419,-36.4262],[174.1631,-36.4158],[174.1844,-36.4067],[174.1902,-36.4035],[174.1954,-36.3988],[174.2006,-36.3884],[174.2048,-36.3769],[174.2102,-36.3583],[174.2158,-36.3435],[174.2233,-36.3278],[174.2335,-36.3047],[174.2367,-36.2984],[174.2391,-36.2963],[174.2427,-36.2953],[174.2655,-36.2974],[174.2774,-36.2991],[174.2937,-36.3018],[174.2973,-36.303],[174.3008,-36.3054],[174.303,-36.3077],[174.306,-36.3131],[174.3084,-36.3155],[174.3118,-36.3176],[174.3144,-36.3181],[174.3176,-36.3172],[174.3219,-36.3153],[174.324,-36.3151],[174.3271,-36.316],[174.331,-36.3182],[174.3341,-36.3194],[174.3394,-36.3201],[174.3438,-36.3196],[174.3523,-36.3174],[174.357,-36.3155],[174.3595,-36.3134],[174.3616,-36.31],[174.3636,-36.3055],[174.3656,-36.3032],[174.3708,-36.2996],[174.3747,-36.2978],[174.3804,-36.2967],[174.3923,-36.2953],[174.3966,-36.2938],[174.4003,-36.2917],[174.4036,-36.2888],[174.4056,-36.2859],[174.4104,-36.2791],[174.4132,-36.2769],[174.4212,-36.2745],[174.425,-36.2733],[174.427,-36.2724],[174.4278,-36.2709],[174.4291,-36.2678],[174.4308,-36.2669],[174.434,-36.2664],[174.4366,-36.2663],[174.439,-36.2653],[174.4421,-36.2633],[174.4498,-36.2574],[174.453,-36.2539],[174.4546,-36.253],[174.4559,-36.253],[174.4568,-36.2538],[174.4573,-36.255],[174.4576,-36.2575],[174.4583,-36.2586],[174.4604,-36.2601],[174.4623,-36.2608],[174.4647,-36.2611],[174.4666,-36.2607],[174.4686,-36.2594],[174.4699,-36.2573],[174.4706,-36.2546],[174.4728,-36.2504],[174.4735,-36.2462],[174.4735,-36.2434],[174.4723,-36.2397],[174.4724,-36.2378],[174.4735,-36.2352],[174.4755,-36.2332],[174.4769,-36.2317],[174.4783,-36.2296],[174.4799,-36.2285],[174.4813,-36.2281],[174.4834,-36.2283],[174.4851,-36.2296],[174.4878,-36.2239],[174.4893,-36.2241],[174.4987,-36.2239],[174.5019,-36.2211],[174.5048,-36.22],[174.5064,-36.2197],[174.5105,-36.2161],[174.5132,-36.2142],[174.515,-36.2129],[174.5162,-36.2126],[174.5174,-36.2113],[174.5185,-36.2105],[174.5203,-36.2108],[174.5215,-36.2108],[174.5236,-36.2092],[174.5254,-36.2079],[174.5233,-36.205],[174.5245,-36.2028],[174.523,-36.1991],[174.5223,-36.1972],[174.5255,-36.1937],[174.5263,-36.1924],[174.5284,-36.191],[174.5303,-36.1896],[174.5316,-36.1865],[174.5324,-36.1857],[174.5356,-36.1832],[174.5384,-36.1828],[174.5435,-36.1808],[174.5465,-36.1795],[174.5496,-36.1792],[174.5522,-36.1775],[174.5558,-36.1777],[174.5579,-36.1785],[174.5641,-36.1738],[174.5665,-36.1711],[174.5809,-36.1664],[174.583,-36.1641],[174.5834,-36.1619],[174.5852,-36.1608],[174.5866,-36.1581],[174.5861,-36.157],[174.5837,-36.1547],[174.5839,-36.1532],[174.5831,-36.1463],[174.5853,-36.1424],[174.5884,-36.1405],[174.5937,-36.1418],[174.5988,-36.1393],[174.6008,-36.1332],[174.6069,-36.1328],[174.6064,-36.1292],[174.6094,-36.1203],[174.7826,-36.0071],[174.8043,-35.99],[174.8116,-35.9837],[174.8216,-35.9742],[174.8575,-35.93],[174.8713,-35.9095],[174.8807,-35.893],[174.8888,-35.8762],[174.8944,-35.8622],[174.9012,-35.8415],[174.9056,-35.826],[174.9094,-35.8083],[174.9117,-35.7917],[174.9132,-35.7701],[174.9136,-35.7332],[174.9126,-35.7216],[174.9018,-35.7088],[174.8892,-35.6997],[174.9026,-35.6895],[174.9179,-35.6756],[174.929,-35.6637],[174.9413,-35.6479],[174.9497,-35.6346],[174.9586,-35.6174],[174.9642,-35.6031],[174.9694,-35.5849],[174.972,-35.5701],[174.9793,-35.5524],[174.9848,-35.5381],[174.9899,-35.5197],[174.9924,-35.5049],[174.9936,-35.4861],[174.993,-35.4711],[174.9903,-35.4524],[174.9882,-35.4376],[174.9857,-35.4192],[174.9821,-35.4046],[174.9759,-35.3868],[174.9694,-35.3729],[174.9596,-35.3561],[174.9505,-35.3433],[174.9375,-35.3281],[174.9259,-35.3166],[174.9105,-35.3026],[174.897,-35.2923],[174.8789,-35.2807],[174.8635,-35.2724],[174.8433,-35.2635],[174.8264,-35.2575],[174.8046,-35.2514],[174.7867,-35.2478],[174.764,-35.2449],[174.7457,-35.2438],[174.7227,-35.244],[174.7044,-35.2454],[174.6818,-35.2488],[174.664,-35.2528],[174.6424,-35.2593],[174.6257,-35.2656],[174.6143,-35.2539],[174.6057,-35.241],[174.5961,-35.2253],[174.5879,-35.2133],[174.5865,-35.1952],[174.586,-35.1801],[174.5853,-35.1618],[174.5844,-35.1474],[174.5815,-35.1288],[174.5776,-35.1141],[174.5709,-35.0962],[174.5641,-35.0823],[174.5539,-35.0655],[174.5444,-35.0527],[174.5309,-35.0377],[174.5191,-35.0265],[174.503,-35.0136],[174.4891,-35.0041],[174.4707,-34.9936],[174.4551,-34.9862],[174.4348,-34.9783],[174.4179,-34.9731],[174.3963,-34.9681],[174.3789,-34.9652],[174.3569,-34.9632],[174.2291,-34.9541],[174.2134,-34.9446],[174.2094,-34.93],[174.2026,-34.9123],[174.1957,-34.8985],[174.1854,-34.8819],[174.1758,-34.8692],[174.1628,-34.8538],[174.1512,-34.8421],[174.1352,-34.8286],[174.1214,-34.8187],[174.1029,-34.8075],[174.0873,-34.7997],[174.0675,-34.7912],[174.0511,-34.7855],[174.0301,-34.7798],[174.0129,-34.776],[173.9913,-34.771],[173.9737,-34.7682],[173.9514,-34.7662],[173.9334,-34.7658],[173.911,-34.7669],[173.8933,-34.769],[173.8716,-34.7705],[173.8548,-34.7646],[173.833,-34.7587],[173.8152,-34.7552],[173.7929,-34.7521],[173.775,-34.7507],[173.7526,-34.7504],[173.7351,-34.7466],[173.7129,-34.7435],[173.6949,-34.7422],[173.6519,-34.7089],[173.6403,-34.698],[173.6253,-34.6849],[173.6127,-34.6749],[173.5978,-34.6616],[173.5871,-34.6496],[173.5724,-34.6354],[173.5594,-34.625],[173.542,-34.6131],[173.5272,-34.6046],[173.5076,-34.5953],[173.4912,-34.589],[173.4701,-34.5825],[173.4527,-34.5785],[173.4305,-34.575],[173.4125,-34.5734],[173.3905,-34.5707],[173.3729,-34.5685],[173.3508,-34.5672],[173.2426,-34.5646],[173.2461,-34.5494],[173.2489,-34.5358],[173.2599,-34.52],[173.2691,-34.507],[173.279,-34.4899],[173.2855,-34.4757],[173.2918,-34.4575],[173.2953,-34.4426],[173.2977,-34.4238],[173.2981,-34.4087],[173.2966,-34.3898],[173.2939,-34.3748],[173.2887,-34.3564],[173.2829,-34.342],[173.274,-34.3246],[173.2654,-34.3112],[173.253,-34.2953],[173.2418,-34.2833],[173.2264,-34.2694],[173.213,-34.2591],[173.1949,-34.2476],[173.1796,-34.2394],[173.1607,-34.229],[173.1454,-34.2209],[173.1253,-34.2122],[173.1086,-34.2064],[173.0871,-34.2006],[173.0694,-34.1972],[173.047,-34.1945],[173.029,-34.1936],[173.0063,-34.1941],[172.9882,-34.1951],[172.9655,-34.1972],[172.9476,-34.2002],[172.9257,-34.2055],[172.9087,-34.211],[172.8875,-34.2159],[172.8696,-34.2151],[172.8469,-34.2147],[172.8287,-34.2158],[172.8063,-34.2186],[172.7886,-34.2222],[172.767,-34.2282],[172.7499,-34.2287],[172.7278,-34.224],[172.7098,-34.2215],[172.687,-34.22],[172.6687,-34.2201],[172.646,-34.2218],[172.628,-34.2244],[172.6059,-34.2293],[172.5887,-34.2344],[172.568,-34.2424],[172.5521,-34.2498],[172.5333,-34.2606],[172.5191,-34.2702],[172.5027,-34.2834],[172.4907,-34.2948],[172.4773,-34.3102],[172.4657,-34.3218],[172.4502,-34.3356],[172.439,-34.3475],[172.4265,-34.3633],[172.4178,-34.3766],[172.4087,-34.3939],[172.4028,-34.4082],[172.3974,-34.4266],[172.3945,-34.4415],[172.3929,-34.4604],[172.3932,-34.4755],[172.3946,-34.4943],[172.3971,-34.5092],[172.4021,-34.5275],[172.4075,-34.5418],[172.4162,-34.5592],[172.4245,-34.5725],[172.4366,-34.5884],[172.4475,-34.6005],[172.4626,-34.6145],[172.4759,-34.6248],[172.4936,-34.6365],[172.5088,-34.6448],[172.5238,-34.658],[172.5359,-34.6685],[172.5522,-34.6806],[172.5663,-34.6894],[172.5831,-34.7006],[172.5922,-34.7136],[172.6052,-34.7289],[172.6168,-34.7405],[172.6327,-34.7538],[172.6465,-34.7636],[172.6649,-34.7746],[172.6768,-34.785],[172.6886,-34.8006],[172.6992,-34.8124],[172.7139,-34.8262],[172.7267,-34.8364],[172.7427,-34.8485],[172.7522,-34.8591],[172.7645,-34.8742],[172.7745,-34.8867],[172.7874,-34.9023],[172.7977,-34.9139],[172.8102,-34.9274],[172.8203,-34.9383],[172.8329,-34.9521],[172.8419,-34.9632],[172.854,-34.9781],[172.8644,-34.9901],[172.8763,-35.0041],[172.8855,-35.0148],[172.885,-35.0279],[172.8732,-35.0391],[172.86,-35.054],[172.8503,-35.0663],[172.8397,-35.0822],[172.8325,-35.0955],[172.825,-35.1126],[172.8194,-35.1265],[172.8142,-35.1443],[172.8115,-35.1588],[172.81,-35.177],[172.8097,-35.1922],[172.8112,-35.2111],[172.8139,-35.2261],[172.8185,-35.2447],[172.8238,-35.2592],[172.8322,-35.2769],[172.8404,-35.2905],[172.8523,-35.3067],[172.8632,-35.319],[172.8783,-35.3333],[172.8916,-35.3439],[172.9068,-35.3573],[172.917,-35.3691],[172.9311,-35.3828],[172.9391,-35.3956],[172.9488,-35.412],[172.9579,-35.4245],[172.9708,-35.4394],[172.9806,-35.4512],[172.9921,-35.4661],[173.0025,-35.4774]]]]}},{"type":"Feature","properties":{"name":"Gisborne","ref":"GIS"},"geometry":{"type":"MultiPolygon","coordinates":[[[[177.4107,-38.3555],[177.2573,-38.5084],[177.2556,-38.5111],[177.2512,-38.5137],[177.246,-38.5113],[177.2409,-38.5102],[177.2406,-38.5128],[177.2391,-38.5156],[177.238,-38.5191],[177.2353,-38.5224],[177.2312,-38.5265],[177.2285,-38.5299],[177.2258,-38.5341],[177.2225,-38.5328],[177.215,-38.5304],[177.2108,-38.5282],[177.2065,-38.5254],[177.2016,-38.5254],[177.1998,-38.5284],[177.1961,-38.5329],[177.1906,-38.5359],[177.1868,-38.5412],[177.1847,-38.5454],[177.1834,-38.5485],[177.18,-38.5553],[177.1768,-38.561],[177.1735,-38.5634],[177.1676,-38.5668],[177.1648,-38.5704],[177.1642,-38.5733],[177.1668,-38.576],[177.1641,-38.5779],[177.1581,-38.5788],[177.1552,-38.5816],[177.1487,-38.5842],[177.1448,-38.5827],[177.1426,-38.5797],[177.139,-38.5768],[177.134,-38.578],[177.1272,-38.5814],[177.1222,-38.5839],[177.339,-38.6156],[177.3686,-38.622],[177.4391,-38.6325],[177.4406,-38.6346],[177.4455,-38.6351],[177.4502,-38.638],[177.4514,-38.64],[177.4495,-38.6416],[177.4469,-38.6416],[177.4471,-38.6429],[177.444,-38.6445],[177.4445,-38.6459],[177.4431,-38.6466],[177.4438,-38.6485],[177.4419,-38.6493],[177.4429,-38.6493],[177.4417,-38.6508],[177.4426,-38.6511],[177.4411,-38.6518],[177.4402,-38.6535],[177.4402,-38.6552],[177.4375,-38.6577],[177.4359,-38.6602],[177.4358,-38.6619],[177.4351,-38.6639],[177.4334,-38.6661],[177.4321,-38.6673],[177.4309,-38.6693],[177.4279,-38.6701],[177.4272,-38.671],[177.4256,-38.6711],[177.4242,-38.6713],[177.4229,-38.6712],[177.4228,-38.6721],[177.4218,-38.6724],[177.4201,-38.673],[177.4191,-38.6739],[177.419,-38.6744],[177.4188,-38.6763],[177.4196,-38.6773],[177.4151,-38.6823],[177.4118,-38.6989],[177.4149,-38.6965],[177.4195,-38.6965],[177.4243,-38.696],[177.4275,-38.6941],[177.4307,-38.6924],[177.4359,-38.6968],[177.4355,-38.7002],[177.4367,-38.7021],[177.4397,-38.7041],[177.4662,-38.7056],[177.4637,-38.7087],[177.4651,-38.7133],[177.4693,-38.7163],[177.4719,-38.7209],[177.4704,-38.7247],[177.4709,-38.729],[177.4739,-38.7308],[177.4757,-38.7322],[177.4755,-38.735],[177.4738,-38.74],[177.4694,-38.7458],[177.4942,-38.778],[177.5148,-38.7769],[177.5185,-38.7808],[177.5217,-38.7818],[177.5238,-38.7849],[177.5314,-38.7917],[177.5294,-38.7934],[177.5273,-38.7949],[177.5305,-38.7976],[177.5371,-38.8002],[177.5353,-38.8034],[177.5374,-38.8065],[177.5363,-38.8085],[177.536,-38.8102],[177.5389,-38.8126],[177.5368,-38.8153],[177.5307,-38.8182],[177.543,-38.8125],[177.5464,-38.8084],[177.5657,-38.8049],[177.5931,-38.8031],[177.6259,-38.8439],[177.6245,-38.8453],[177.6265,-38.8481],[177.6296,-38.8509],[177.6291,-38.8521],[177.6313,-38.8549],[177.6316,-38.8579],[177.6328,-38.8594],[177.6309,-38.861],[177.6333,-38.8658],[177.6354,-38.8666],[177.6343,-38.8687],[177.6361,-38.8708],[177.6381,-38.8709],[177.6387,-38.8686],[177.6406,-38.8681],[177.6371,-38.8659],[177.6372,-38.8642],[177.6404,-38.8633],[177.6389,-38.8621],[177.641,-38.8605],[177.6453,-38.8586],[177.6454,-38.8609],[177.647,-38.8631],[177.6486,-38.8614],[177.6511,-38.8588],[177.6506,-38.8571],[177.652,-38.8549],[177.6529,-38.8535],[177.6539,-38.8509],[177.6579,-38.8486],[177.659,-38.8492],[177.6605,-38.8485],[177.6624,-38.8511],[177.674,-38.899],[177.6991,-38.9016],[177.725,-38.9007],[177.7316,-38.9175],[177.7373,-38.9075],[177.7492,-38.8967],[177.777,-38.9125],[177.7789,-38.9103],[177.7804,-38.91],[177.7801,-38.9073],[177.7834,-38.908],[177.7859,-38.9078],[177.7849,-38.9059],[177.7871,-38.9042],[177.7889,-38.903],[177.7916,-38.9024],[177.7916,-38.9006],[177.7894,-38.8989],[177.7895,-38.8978],[177.7925,-38.8962],[177.7945,-38.8958],[177.7976,-38.8951],[177.8042,-38.896],[177.8019,-38.897],[177.8012,-38.8975],[177.8027,-38.8992],[177.8035,-38.9012],[177.8036,-38.9041],[177.8063,-38.9066],[177.8063,-38.9094],[177.8219,-38.9217],[177.823,-38.9198],[177.8263,-38.9177],[177.8304,-38.9153],[177.8296,-38.9131],[177.8319,-38.9134],[177.8372,-38.9167],[177.8429,-38.9214],[177.8454,-38.9243],[177.842,-38.9325],[177.8393,-38.94],[177.8344,-38.9484],[177.8424,-38.9593],[177.8605,-38.9647],[177.9431,-38.9697],[178.1805,-38.956],[178.1689,-38.9224],[178.2045,-38.8788],[178.2433,-38.8565],[178.279,-38.8324],[178.3167,-38.8112],[178.3536,-38.7876],[178.3892,-38.7568],[178.4159,-38.726],[178.4544,-38.7042],[178.487,-38.6773],[178.5127,-38.6461],[178.5334,-38.6124],[178.5495,-38.573],[178.5548,-38.5357],[178.5796,-38.5037],[178.5964,-38.4687],[178.6045,-38.4318],[178.6038,-38.3943],[178.6203,-38.3561],[178.6305,-38.3198],[178.632,-38.2826],[178.6247,-38.2459],[178.6201,-38.2097],[178.6236,-38.172],[178.6246,-38.132],[178.6316,-38.0966],[178.6341,-38.0595],[178.6338,-38.0232],[178.649,-37.9874],[178.6624,-37.9524],[178.6863,-37.9174],[178.7019,-37.8845],[178.7255,-37.8551],[178.7604,-37.8312],[178.7892,-37.8027],[178.8126,-37.7701],[178.8297,-37.7306],[178.8361,-37.693],[178.8334,-37.6552],[178.8217,-37.6184],[178.8016,-37.584],[178.7737,-37.5533],[178.7352,-37.5249],[178.6946,-37.5052],[178.6536,-37.4879],[178.6165,-37.4669],[178.5754,-37.4514],[178.5325,-37.4401],[178.4957,-37.4132],[178.4589,-37.3899],[178.418,-37.3722],[178.3748,-37.3604],[178.3297,-37.3551],[178.2864,-37.3412],[178.236,-37.3336],[178.1894,-37.3319],[178.1427,-37.3328],[178.0858,-37.5443],[178.0394,-37.5984],[178.0385,-37.599],[178.0352,-37.5996],[178.0338,-37.6001],[178.034,-37.6019],[178.0328,-37.6031],[178.0311,-37.6032],[178.029,-37.6037],[178.0273,-37.6038],[178.0257,-37.6036],[178.0038,-37.607],[177.9818,-37.612],[177.9789,-37.6161],[177.9782,-37.6208],[177.9759,-37.6268],[177.9779,-37.631],[177.9813,-37.6354],[177.9827,-37.6402],[177.9874,-37.6439],[177.9877,-37.6485],[177.9901,-37.6489],[177.9913,-37.6499],[177.9911,-37.6509],[177.9903,-37.6521],[177.989,-37.6535],[177.9894,-37.6542],[177.9914,-37.6538],[177.992,-37.6569],[177.9918,-37.6582],[177.9925,-37.6592],[177.9932,-37.6603],[177.9917,-37.6621],[177.9916,-37.6643],[177.992,-37.6668],[177.9922,-37.6686],[177.9938,-37.6695],[177.9932,-37.6711],[177.9941,-37.6737],[177.9943,-37.6746],[177.9926,-37.6767],[177.9932,-37.6779],[177.9926,-37.679],[177.993,-37.6799],[177.9946,-37.6812],[177.9939,-37.6833],[177.9931,-37.6847],[177.9921,-37.686],[177.993,-37.6863],[177.9934,-37.6876],[177.9927,-37.6886],[177.9926,-37.69],[177.9937,-37.6902],[177.9972,-37.6892],[177.9982,-37.6899],[177.9963,-37.6908],[177.9946,-37.6933],[177.994,-37.6954],[177.9933,-37.6968],[177.9907,-37.6971],[177.9892,-37.6974],[177.9867,-37.6971],[177.9885,-37.6992],[177.9859,-37.7008],[177.9874,-37.7013],[177.9859,-37.7027],[177.9858,-37.7041],[177.986,-37.7052],[177.9859,-37.7075],[177.9876,-37.7101],[177.9893,-37.7115],[177.9884,-37.7129],[177.9887,-37.7145],[177.9919,-37.7152],[177.993,-37.7169],[177.9922,-37.7199],[177.9891,-37.7212],[177.9873,-37.7248],[177.9832,-37.7271],[177.981,-37.7298],[177.9785,-37.7313],[177.9789,-37.7347],[177.9793,-37.7377],[177.9768,-37.7408],[177.9788,-37.7449],[177.9844,-37.7478],[177.9878,-37.7508],[177.9917,-37.7525],[177.9928,-37.7543],[177.9947,-37.7577],[177.9966,-37.7605],[177.9947,-37.7638],[177.9014,-38.0175],[177.849,-38.1113],[177.7049,-38.022],[177.7008,-38.0222],[177.6961,-38.0173],[177.6799,-38.015],[177.6739,-38.0188],[177.6729,-38.0214],[177.6742,-38.0258],[177.6762,-38.0276],[177.6791,-38.0299],[177.6798,-38.0329],[177.6826,-38.0388],[177.6856,-38.0419],[177.6883,-38.0455],[177.6909,-38.0513],[177.6942,-38.0536],[177.6941,-38.0577],[177.697,-38.0591],[177.6973,-38.0619],[177.6942,-38.0641],[177.6899,-38.0674],[177.6877,-38.0752],[177.6874,-38.078],[177.6824,-38.0788],[177.6794,-38.0799],[177.6776,-38.0844],[177.6777,-38.0865],[177.6805,-38.0852],[177.6828,-38.0828],[177.6857,-38.0835],[177.6876,-38.0895],[177.6899,-38.092],[177.6931,-38.0937],[177.6895,-38.0965],[177.6906,-38.0975],[177.6946,-38.0967],[177.6954,-38.0982],[177.6948,-38.0999],[177.6978,-38.1017],[177.7025,-38.1054],[177.7005,-38.1059],[177.6953,-38.1032],[177.6926,-38.1045],[177.6923,-38.1078],[177.6885,-38.1093],[177.6864,-38.1072],[177.6849,-38.1092],[177.6843,-38.111],[177.6809,-38.1128],[177.6772,-38.1141],[177.6735,-38.1128],[177.6676,-38.1137],[177.6688,-38.1165],[177.6679,-38.1182],[177.6663,-38.1165],[177.664,-38.1166],[177.6644,-38.1198],[177.6638,-38.1226],[177.6629,-38.1247],[177.6605,-38.1258],[177.662,-38.127],[177.6613,-38.1292],[177.6582,-38.1315],[177.655,-38.1319],[177.6549,-38.1349],[177.6528,-38.1359],[177.6515,-38.1408],[177.652,-38.1426],[177.6526,-38.1449],[177.6525,-38.1476],[177.6516,-38.1522],[177.6538,-38.1552],[177.6529,-38.1588],[177.6473,-38.162],[177.6382,-38.1627],[177.6286,-38.1607],[177.6231,-38.1663],[177.618,-38.1687],[177.6133,-38.171],[177.6092,-38.1716],[177.603,-38.1713],[177.6036,-38.1854],[177.6011,-38.1848],[177.5971,-38.1889],[177.592,-38.1897],[177.5872,-38.1919],[177.584,-38.1933],[177.5806,-38.1915],[177.5754,-38.1932],[177.5703,-38.1951],[177.566,-38.1988],[177.5618,-38.2016],[177.5576,-38.2065],[177.5333,-38.2184],[177.5168,-38.2147],[177.5062,-38.2167],[177.5021,-38.2134],[177.5009,-38.2151],[177.5026,-38.2165],[177.5017,-38.2178],[177.4988,-38.2183],[177.4981,-38.219],[177.4983,-38.2205],[177.4958,-38.2208],[177.4941,-38.2221],[177.4946,-38.2221],[177.4955,-38.2236],[177.495,-38.2249],[177.4935,-38.2242],[177.4937,-38.2253],[177.4944,-38.2272],[177.4938,-38.2288],[177.4932,-38.2294],[177.4936,-38.2301],[177.4932,-38.2315],[177.4935,-38.2324],[177.4913,-38.2326],[177.4911,-38.2332],[177.4919,-38.2347],[177.4916,-38.2356],[177.492,-38.2367],[177.4918,-38.2395],[177.4904,-38.2397],[177.4893,-38.2393],[177.4861,-38.239],[177.486,-38.2375],[177.4833,-38.2374],[177.482,-38.2396],[177.482,-38.2405],[177.4822,-38.2415],[177.4831,-38.2419],[177.4842,-38.2437],[177.4855,-38.2447],[177.4872,-38.2459],[177.49,-38.2485],[177.4896,-38.2497],[177.4911,-38.2502],[177.4911,-38.2517],[177.4906,-38.2536],[177.4894,-38.2571],[177.4891,-38.2592],[177.4903,-38.2613],[177.4923,-38.2625],[177.4863,-38.2963],[177.4107,-38.3555]]]]}},{"type":"Feature","properties":{"name":"Nelson","ref":"NSN"},"geometry":{"type":"MultiPolygon","coordinates":[[[[173.5723,-41.1847],[173.5728,-41.1841],[173.5744,-41.1837],[173.5748,-41.1823],[173.5747,-41.1809],[173.5743,-41.1804],[173.5748,-41.1786],[173.5751,-41.1773],[173.5751,-41.1763],[173.5754,-41.1746],[173.5761,-41.1734],[173.5763,-41.1714],[173.5772,-41.1699],[173.5785,-41.1677],[173.5788,-41.1667],[173.5793,-41.1653],[173.58,-41.1641],[173.5809,-41.1637],[173.5805,-41.1607],[173.5793,-41.1593],[173.5801,-41.1578],[173.5813,-41.1553],[173.5806,-41.154],[173.58,-41.1534],[173.5789,-41.1527],[173.5782,-41.1517],[173.5784,-41.1505],[173.5817,-41.1478],[173.5819,-41.1466],[173.5816,-41.1451],[173.58,-41.1431],[173.5799,-41.1397],[173.5799,-41.1378],[173.5791,-41.1369],[173.579,-41.1354],[173.5798,-41.1336],[173.5802,-41.1323],[173.5805,-41.1302],[173.5806,-41.1291],[173.5807,-41.1278],[173.58,-41.1259],[173.5794,-41.1254],[173.5792,-41.1247],[173.5797,-41.1236],[173.5797,-41.1227],[173.5801,-41.1216],[173.5799,-41.1208],[173.5809,-41.1205],[173.5831,-41.1192],[173.5838,-41.1183],[173.5844,-41.1177],[173.5849,-41.1159],[173.5855,-41.1145],[173.5862,-41.1137],[173.5866,-41.1128],[173.5878,-41.1114],[173.5886,-41.11],[173.59,-41.1085],[173.5887,-41.1061],[173.5883,-41.1054],[173.5877,-41.1042],[173.5872,-41.1034],[173.5876,-41.1029],[173.5877,-41.1016],[173.5878,-41.1013],[173.5882,-41.1001],[173.5895,-41.0978],[173.5912,-41.0955],[173.5919,-41.0947],[173.595,-41.0917],[173.5956,-41.091],[173.5963,-41.09],[173.5966,-41.0891],[173.5966,-41.0882],[173.5964,-41.0872],[173.5957,-41.0856],[173.595,-41.0844],[173.5946,-41.0836],[173.5944,-41.0834],[173.5943,-41.0818],[173.594,-41.0808],[173.5938,-41.0801],[173.5935,-41.0798],[173.5932,-41.0795],[173.5925,-41.0792],[173.5922,-41.079],[173.592,-41.0787],[173.5919,-41.0786],[173.5919,-41.0782],[173.5921,-41.0778],[173.5942,-41.0763],[173.5952,-41.0755],[173.5957,-41.0751],[173.5972,-41.0733],[173.5979,-41.0726],[173.5983,-41.0719],[173.5986,-41.0712],[173.5987,-41.0702],[173.5988,-41.0695],[173.5984,-41.0673],[173.5966,-41.0657],[173.5971,-41.06],[173.5942,-41.0518],[173.5007,-40.8629],[173.4915,-40.8657],[173.4869,-40.8671],[173.4779,-40.8703],[173.4691,-40.8737],[173.4605,-40.8774],[173.4227,-40.8533],[173.3604,-40.8049],[173.2438,-41.18],[173.2232,-41.2427],[173.2224,-41.2427],[173.2216,-41.2427],[173.2203,-41.2428],[173.2188,-41.2432],[173.2174,-41.2438],[173.2164,-41.2445],[173.2155,-41.2455],[173.2149,-41.2465],[173.2146,-41.2475],[173.2145,-41.2486],[173.2146,-41.2492],[173.215,-41.2502],[173.2156,-41.2512],[173.2164,-41.2521],[173.2171,-41.2526],[173.2182,-41.2532],[173.2198,-41.2537],[173.2104,-41.2848],[173.2058,-41.2993],[173.2057,-41.2994],[173.1764,-41.3043],[173.1992,-41.3308],[173.2001,-41.3316],[173.2021,-41.3335],[173.2025,-41.3338],[173.2047,-41.3358],[173.2055,-41.3366],[173.2122,-41.3426],[173.215,-41.3452],[173.2156,-41.3453],[173.2154,-41.3458],[173.2162,-41.3472],[173.2191,-41.3489],[173.2188,-41.3542],[173.2242,-41.3604],[173.2251,-41.3605],[173.232,-41.3627],[173.2323,-41.3644],[173.2303,-41.3665],[173.23,-41.3677],[173.23,-41.3688],[173.2353,-41.3718],[173.2357,-41.372],[173.236,-41.3719],[173.2368,-41.3718],[173.2376,-41.3719],[173.2379,-41.3719],[173.238,-41.3718],[173.2381,-41.3716],[173.2381,-41.3713],[173.2377,-41.3706],[173.2377,-41.3703],[173.2382,-41.3696],[173.2385,-41.3692],[173.2396,-41.3683],[173.2399,-41.3681],[173.2407,-41.368],[173.2418,-41.3678],[173.2427,-41.3675],[173.243,-41.3674],[173.2435,-41.3674],[173.2446,-41.3677],[173.2451,-41.3677],[173.2455,-41.3675],[173.2459,-41.3673],[173.2468,-41.3666],[173.2473,-41.366],[173.2476,-41.365],[173.2475,-41.3648],[173.2478,-41.3646],[173.2497,-41.3648],[173.2487,-41.3676],[173.2483,-41.3687],[173.2483,-41.3695],[173.248,-41.3705],[173.2489,-41.3718],[173.2508,-41.3744],[173.2519,-41.3751],[173.2531,-41.3766],[173.2534,-41.3785],[173.2543,-41.38],[173.2554,-41.3812],[173.2564,-41.3822],[173.2585,-41.3826],[173.261,-41.3821],[173.2631,-41.3818],[173.2649,-41.3816],[173.2674,-41.3807],[173.2698,-41.3797],[173.2722,-41.3787],[173.2739,-41.3797],[173.2755,-41.3807],[173.2974,-41.3931],[173.2976,-41.3931],[173.2984,-41.3932],[173.2993,-41.3934],[173.2998,-41.3934],[173.3007,-41.3932],[173.3017,-41.3933],[173.3026,-41.3934],[173.3043,-41.3934],[173.3046,-41.3933],[173.3052,-41.3931],[173.3065,-41.3924],[173.3074,-41.3918],[173.3078,-41.3914],[173.3082,-41.391],[173.3086,-41.3909],[173.3093,-41.3908],[173.3102,-41.3907],[173.3112,-41.3905],[173.3127,-41.39],[173.3139,-41.3896],[173.3153,-41.3894],[173.3166,-41.3895],[173.3171,-41.3895],[173.3177,-41.3893],[173.3187,-41.3888],[173.3197,-41.3883],[173.3205,-41.3877],[173.3212,-41.3871],[173.3217,-41.3869],[173.3221,-41.3869],[173.323,-41.3868],[173.3238,-41.3866],[173.3251,-41.3865],[173.3264,-41.3865],[173.3272,-41.3866],[173.3274,-41.3867],[173.3281,-41.3866],[173.3287,-41.3865],[173.3301,-41.3863],[173.3314,-41.3861],[173.3334,-41.3858],[173.3353,-41.3856],[173.3372,-41.3856],[173.3375,-41.3855],[173.3379,-41.3852],[173.3383,-41.385],[173.339,-41.3842],[173.3394,-41.3836],[173.3395,-41.3826],[173.3396,-41.3815],[173.3398,-41.381],[173.34,-41.3797],[173.3404,-41.3787],[173.3406,-41.3784],[173.3411,-41.3779],[173.3418,-41.3776],[173.3423,-41.3774],[173.343,-41.3769],[173.344,-41.376],[173.3444,-41.3757],[173.3448,-41.375],[173.3453,-41.3742],[173.3453,-41.3741],[173.3457,-41.3729],[173.3458,-41.3722],[173.3607,-41.3532],[173.376,-41.3423],[173.4068,-41.331],[173.4148,-41.3231],[173.4152,-41.3222],[173.4155,-41.3215],[173.4158,-41.321],[173.4164,-41.3196],[173.4167,-41.3188],[173.4171,-41.318],[173.4172,-41.317],[173.4165,-41.3157],[173.4163,-41.3143],[173.4178,-41.3121],[173.4195,-41.311],[173.4199,-41.3106],[173.4205,-41.3092],[173.4209,-41.3077],[173.4195,-41.3064],[173.4191,-41.3052],[173.4193,-41.3046],[173.4193,-41.3035],[173.4192,-41.3031],[173.4192,-41.3027],[173.4192,-41.3026],[173.4193,-41.3019],[173.4195,-41.3014],[173.4198,-41.301],[173.4203,-41.3006],[173.4209,-41.3003],[173.421,-41.2999],[173.4209,-41.2995],[173.4201,-41.2983],[173.4198,-41.2976],[173.4197,-41.2966],[173.4189,-41.2953],[173.4182,-41.2944],[173.4175,-41.293],[173.417,-41.2922],[173.4164,-41.2911],[173.416,-41.2902],[173.4157,-41.2896],[173.4154,-41.2891],[173.4154,-41.2889],[173.4158,-41.2885],[173.4164,-41.2879],[173.4171,-41.2874],[173.4176,-41.2872],[173.4187,-41.2865],[173.4194,-41.286],[173.4231,-41.2837],[173.4244,-41.2827],[173.4247,-41.2825],[173.4255,-41.2819],[173.4263,-41.2813],[173.4269,-41.2808],[173.4276,-41.28],[173.4279,-41.2795],[173.4286,-41.2787],[173.4289,-41.2782],[173.4296,-41.2774],[173.4302,-41.2769],[173.4317,-41.2758],[173.4324,-41.2756],[173.4327,-41.2753],[173.4342,-41.2744],[173.4357,-41.2736],[173.4369,-41.2729],[173.4372,-41.2726],[173.4375,-41.2718],[173.4376,-41.2716],[173.438,-41.2711],[173.4385,-41.2707],[173.4392,-41.2704],[173.4397,-41.27],[173.44,-41.2696],[173.4403,-41.2691],[173.4405,-41.2685],[173.4404,-41.2678],[173.4406,-41.2668],[173.4409,-41.2662],[173.4415,-41.2651],[173.4415,-41.2646],[173.4416,-41.2644],[173.4418,-41.2642],[173.4428,-41.2638],[173.4436,-41.2632],[173.4441,-41.2627],[173.4448,-41.2622],[173.4461,-41.261],[173.4468,-41.2605],[173.448,-41.26],[173.4496,-41.2593],[173.4511,-41.2585],[173.4525,-41.2573],[173.4531,-41.257],[173.4537,-41.257],[173.454,-41.257],[173.4544,-41.2568],[173.4554,-41.2563],[173.456,-41.2558],[173.4569,-41.2549],[173.4578,-41.254],[173.4587,-41.2534],[173.4594,-41.2529],[173.4597,-41.2525],[173.4599,-41.2521],[173.4603,-41.2514],[173.4604,-41.2511],[173.4603,-41.2507],[173.4604,-41.2504],[173.4606,-41.2501],[173.4609,-41.25],[173.4629,-41.2493],[173.4637,-41.2488],[173.4639,-41.2486],[173.4646,-41.248],[173.4659,-41.247],[173.4669,-41.2462],[173.4677,-41.2456],[173.4683,-41.245],[173.469,-41.2443],[173.4697,-41.2436],[173.47,-41.2434],[173.4704,-41.2433],[173.4708,-41.2431],[173.4713,-41.2427],[173.4716,-41.2423],[173.4718,-41.2417],[173.472,-41.2413],[173.472,-41.2407],[173.4723,-41.2395],[173.4725,-41.2384],[173.4725,-41.2383],[173.4725,-41.2376],[173.4726,-41.2367],[173.4726,-41.2354],[173.4726,-41.2345],[173.4727,-41.2341],[173.4729,-41.2338],[173.4738,-41.2326],[173.4744,-41.2319],[173.4752,-41.2306],[173.4759,-41.2293],[173.4762,-41.2289],[173.4767,-41.2287],[173.4774,-41.2286],[173.4777,-41.2285],[173.479,-41.2275],[173.4802,-41.2271],[173.4817,-41.2265],[173.4828,-41.226],[173.4836,-41.2254],[173.4857,-41.2237],[173.4865,-41.2227],[173.4874,-41.2218],[173.4882,-41.2216],[173.4892,-41.2214],[173.491,-41.2207],[173.492,-41.2204],[173.4931,-41.2199],[173.4941,-41.2195],[173.497,-41.2187],[173.4981,-41.2186],[173.4994,-41.2186],[173.5006,-41.2185],[173.5014,-41.2183],[173.5034,-41.2176],[173.504,-41.2177],[173.5045,-41.2174],[173.5049,-41.2173],[173.5054,-41.2165],[173.5065,-41.2159],[173.507,-41.2157],[173.508,-41.2153],[173.5094,-41.2155],[173.5108,-41.2152],[173.5121,-41.2153],[173.5128,-41.2152],[173.514,-41.2144],[173.5149,-41.2141],[173.5158,-41.2139],[173.5164,-41.2131],[173.5176,-41.212],[173.5185,-41.2108],[173.5199,-41.2091],[173.5201,-41.2085],[173.5203,-41.2073],[173.5201,-41.2071],[173.5209,-41.2066],[173.5219,-41.2057],[173.521,-41.205],[173.5209,-41.2035],[173.5214,-41.2028],[173.5203,-41.2011],[173.5201,-41.2],[173.5215,-41.199],[173.5223,-41.1983],[173.525,-41.1979],[173.527,-41.1973],[173.5286,-41.1967],[173.5304,-41.1969],[173.5312,-41.1968],[173.5343,-41.1959],[173.5354,-41.1953],[173.5359,-41.1944],[173.5363,-41.194],[173.5376,-41.1928],[173.5399,-41.1926],[173.5407,-41.1925],[173.5422,-41.1916],[173.543,-41.1905],[173.5449,-41.1901],[173.5474,-41.1908],[173.5492,-41.1914],[173.5497,-41.1911],[173.5513,-41.1905],[173.5524,-41.1908],[173.5541,-41.1905],[173.557,-41.1917],[173.5607,-41.1909],[173.5637,-41.1908],[173.5674,-41.19],[173.5687,-41.1894],[173.5687,-41.1894],[173.5694,-41.1879],[173.5711,-41.1865],[173.5717,-41.1854],[173.5723,-41.1847]]]]}},{"type":"Feature","properties":{"name":"Marlborough","ref":"MBH"},"geometry":{"type":"MultiPolygon","coordinates":[[[[174.395,-41.4804],[174.5805,-40.8816],[174.52,-40.844],[174.457,-40.8075],[174.3827,-40.7868],[174.3323,-40.7433],[174.2979,-40.6919],[174.2679,-40.6342],[174.2421,-40.577],[174.1965,-40.528],[174.1355,-40.4897],[174.0623,-40.4666],[173.9835,-40.4612],[173.9061,-40.4739],[173.8371,-40.5037],[173.7757,-40.5384],[173.7129,-40.5664],[173.6532,-40.6041],[173.6025,-40.6494],[173.5701,-40.7036],[173.5344,-40.7563],[173.5158,-40.8152],[173.5942,-41.0518],[173.5977,-41.0728],[173.5922,-41.079],[173.5948,-41.084],[173.5919,-41.0947],[173.5877,-41.1042],[173.5855,-41.1156],[173.5797,-41.1236],[173.5794,-41.1341],[173.5784,-41.1505],[173.5806,-41.1618],[173.5754,-41.1746],[173.5726,-41.1843],[173.5582,-41.1898],[173.543,-41.1905],[173.5324,-41.1965],[173.5203,-41.2011],[173.5198,-41.2088],[173.5121,-41.2153],[173.5042,-41.2174],[173.4936,-41.2196],[173.4836,-41.2254],[173.476,-41.2291],[173.4726,-41.2367],[173.4714,-41.2425],[173.4669,-41.2462],[173.4603,-41.2505],[173.4562,-41.2556],[173.4496,-41.2593],[173.4417,-41.2643],[173.44,-41.2696],[173.4364,-41.2732],[173.4286,-41.2787],[173.4203,-41.2854],[173.4157,-41.2896],[173.4198,-41.2976],[173.4192,-41.3024],[173.4205,-41.3092],[173.4165,-41.3191],[173.3458,-41.3722],[173.3421,-41.3775],[173.3392,-41.384],[173.3301,-41.3863],[173.3226,-41.3868],[173.3166,-41.3895],[173.308,-41.3912],[173.3007,-41.3932],[173.2944,-41.3957],[173.2869,-41.4008],[173.2867,-41.4078],[173.2905,-41.4202],[173.2883,-41.4313],[173.2749,-41.4433],[173.2544,-41.4625],[173.2555,-41.4685],[173.2623,-41.476],[173.2678,-41.4793],[173.2734,-41.4848],[173.2783,-41.4903],[173.2884,-41.493],[173.2969,-41.5012],[173.3044,-41.5067],[173.2998,-41.5133],[173.2907,-41.5171],[173.2832,-41.5168],[173.2751,-41.5175],[173.2665,-41.5209],[173.2579,-41.5211],[173.2527,-41.5234],[173.2482,-41.5239],[173.2421,-41.5233],[173.2361,-41.521],[173.2306,-41.5205],[173.2258,-41.5189],[173.2156,-41.5182],[173.2045,-41.52],[173.1974,-41.5253],[173.1911,-41.5274],[173.1859,-41.5288],[173.1787,-41.5273],[173.1727,-41.5241],[173.1699,-41.5277],[173.1709,-41.5341],[173.1747,-41.5418],[173.1686,-41.5486],[173.1649,-41.5515],[173.1622,-41.557],[173.1597,-41.564],[173.1551,-41.5685],[173.1536,-41.5729],[173.1546,-41.5786],[173.1516,-41.5855],[173.1458,-41.5871],[173.141,-41.5897],[173.1338,-41.5889],[173.1289,-41.5931],[173.1263,-41.6013],[173.1217,-41.6078],[173.1147,-41.609],[173.1028,-41.6107],[173.0961,-41.6197],[173.0822,-41.6248],[173.0746,-41.625],[173.0643,-41.6241],[173.0576,-41.6279],[173.0569,-41.6335],[173.0541,-41.6408],[173.0546,-41.6478],[173.0561,-41.657],[173.0575,-41.6629],[173.0038,-41.7248],[172.933,-41.7619],[172.9404,-41.7718],[172.9263,-41.7939],[172.9196,-41.7969],[172.9156,-41.8001],[172.9107,-41.8054],[172.9073,-41.809],[172.8967,-41.8163],[172.8899,-41.8204],[172.8861,-41.8249],[172.8825,-41.8297],[172.8783,-41.8359],[172.8748,-41.8415],[172.8729,-41.8476],[172.8699,-41.853],[172.869,-41.8593],[172.8647,-41.8688],[172.8598,-41.8666],[172.8517,-41.8709],[172.8468,-41.8798],[172.8447,-41.889],[172.8517,-41.8918],[172.8565,-41.8957],[172.862,-41.9017],[172.8641,-41.9115],[172.8514,-41.9303],[172.8491,-41.939],[172.8403,-41.9459],[172.8222,-41.9508],[172.8146,-41.9545],[172.8078,-41.9587],[172.8112,-41.9662],[172.8094,-41.9742],[172.8064,-41.9783],[172.8032,-41.9843],[172.7994,-41.9867],[172.7919,-41.9925],[172.7871,-41.9918],[172.78,-41.9973],[172.7783,-42.0025],[172.7819,-42.007],[172.7712,-42.0236],[172.7645,-42.0259],[172.7581,-42.035],[172.7546,-42.035],[172.7458,-42.0337],[172.738,-42.0325],[172.733,-42.0346],[172.7339,-42.0411],[172.7324,-42.0453],[172.7322,-42.0509],[172.7341,-42.0575],[172.7318,-42.0647],[172.7316,-42.0696],[172.7275,-42.073],[172.726,-42.0782],[172.7239,-42.0838],[172.7266,-42.0903],[172.7267,-42.0957],[172.7234,-42.0995],[172.721,-42.1046],[172.7192,-42.1106],[172.7191,-42.1156],[172.7229,-42.1206],[172.7243,-42.1238],[172.7232,-42.1288],[172.7253,-42.1334],[172.7227,-42.1364],[172.7188,-42.1396],[172.7189,-42.1449],[172.72,-42.151],[172.7206,-42.1556],[172.7236,-42.1602],[172.7278,-42.1641],[172.7362,-42.1676],[172.7458,-42.1695],[172.7491,-42.1722],[172.7536,-42.1708],[172.7588,-42.1706],[172.7647,-42.1693],[172.7713,-42.1683],[172.7788,-42.1669],[172.7832,-42.1656],[172.7898,-42.1619],[172.7957,-42.1635],[172.7986,-42.1656],[172.7954,-42.17],[172.796,-42.1765],[172.7976,-42.1812],[172.8015,-42.1858],[172.8061,-42.1888],[172.811,-42.1889],[172.8158,-42.1848],[172.8228,-42.1826],[172.8288,-42.1831],[172.8325,-42.187],[172.8338,-42.191],[172.8316,-42.1955],[172.8296,-42.2013],[172.8242,-42.2037],[172.8227,-42.2087],[172.8227,-42.2184],[172.8241,-42.227],[172.8255,-42.2307],[172.8243,-42.2349],[172.8257,-42.2397],[172.826,-42.2441],[172.8272,-42.2486],[172.8363,-42.2501],[172.8437,-42.2511],[172.854,-42.253],[172.8594,-42.2554],[172.8617,-42.2568],[172.8603,-42.2608],[172.8615,-42.2659],[172.8583,-42.2711],[172.853,-42.2752],[172.8506,-42.2824],[172.8446,-42.2848],[172.8423,-42.29],[172.843,-42.2947],[172.8448,-42.3016],[172.8476,-42.3084],[172.8553,-42.3103],[172.8661,-42.316],[172.8721,-42.3153],[172.8805,-42.3128],[172.891,-42.3102],[172.8948,-42.3144],[172.8986,-42.3115],[172.9084,-42.3081],[172.9163,-42.3115],[172.9183,-42.3195],[172.9211,-42.3269],[172.9188,-42.3336],[172.9187,-42.3395],[172.9192,-42.345],[172.9239,-42.3498],[172.9326,-42.3509],[172.9431,-42.3509],[172.9419,-42.3564],[172.9407,-42.3616],[172.9406,-42.3685],[172.939,-42.375],[172.9783,-42.3957],[173.0027,-42.3956],[173.0004,-42.3999],[172.9903,-42.4114],[172.9878,-42.4157],[172.9853,-42.4226],[172.986,-42.4264],[172.9831,-42.4337],[172.9774,-42.4335],[172.975,-42.4377],[172.9722,-42.447],[172.9743,-42.4495],[172.9812,-42.4518],[172.987,-42.4508],[172.9984,-42.4524],[173.0059,-42.4468],[173.0131,-42.4459],[173.0187,-42.4488],[173.0242,-42.4527],[173.0315,-42.4571],[173.0337,-42.4614],[173.0342,-42.4667],[173.0393,-42.4708],[173.0361,-42.4768],[173.0354,-42.4824],[173.0433,-42.4856],[173.0538,-42.4881],[173.0591,-42.4852],[173.0661,-42.4821],[173.07,-42.4786],[173.0733,-42.4743],[173.0765,-42.4685],[173.0756,-42.4622],[173.0815,-42.4604],[173.0871,-42.4616],[173.0979,-42.4595],[173.1032,-42.4539],[173.1063,-42.4477],[173.1108,-42.4467],[173.1173,-42.4489],[173.1258,-42.4512],[173.1345,-42.4503],[173.1471,-42.4507],[173.1534,-42.4479],[173.1563,-42.4417],[173.1577,-42.4367],[173.1606,-42.4306],[173.1601,-42.4269],[173.1616,-42.4224],[173.1656,-42.4176],[173.1747,-42.4143],[173.1836,-42.4125],[173.1893,-42.4108],[173.1925,-42.4085],[173.1964,-42.405],[173.1989,-42.4011],[173.204,-42.3959],[173.2057,-42.3907],[173.2072,-42.3863],[173.2138,-42.3825],[173.2207,-42.38],[173.2202,-42.3708],[173.2187,-42.3655],[173.2217,-42.3594],[173.2242,-42.3563],[173.2302,-42.355],[173.2374,-42.3548],[173.1817,-42.3462],[173.1828,-42.3407],[173.1859,-42.3348],[173.1892,-42.3362],[173.1912,-42.3328],[173.1957,-42.3328],[173.2037,-42.3344],[173.2072,-42.3299],[173.2068,-42.3176],[173.2156,-42.3155],[173.2251,-42.3103],[173.2372,-42.3043],[173.2491,-42.2994],[173.2587,-42.2908],[173.2688,-42.2848],[173.2855,-42.2726],[173.2949,-42.2663],[173.3019,-42.2556],[173.3008,-42.2468],[173.309,-42.2494],[173.3168,-42.2492],[173.3267,-42.2476],[173.3373,-42.2419],[173.3394,-42.2344],[173.3438,-42.2281],[173.3479,-42.2351],[173.3463,-42.2403],[173.3543,-42.2424],[173.3563,-42.2378],[173.3624,-42.2375],[173.3697,-42.236],[173.3743,-42.2348],[173.3691,-42.2333],[173.3677,-42.2266],[173.3743,-42.2242],[173.3815,-42.22],[173.3877,-42.2179],[173.3945,-42.2215],[173.4073,-42.2177],[173.4159,-42.2113],[173.4253,-42.2103],[173.438,-42.2137],[173.4406,-42.2048],[173.4507,-42.1987],[173.4635,-42.1965],[173.4657,-42.1902],[173.4638,-42.1824],[173.4698,-42.18],[173.4806,-42.1791],[173.4847,-42.1797],[173.4832,-42.177],[173.4811,-42.1737],[173.4824,-42.1677],[173.4791,-42.1639],[173.4774,-42.159],[173.477,-42.1542],[173.4757,-42.151],[173.4742,-42.1474],[173.473,-42.1417],[173.4716,-42.1373],[173.4713,-42.1326],[173.4692,-42.1282],[173.4669,-42.1248],[173.4667,-42.1207],[173.465,-42.1171],[173.4862,-42.1055],[173.4935,-42.0861],[173.5468,-42.0698],[173.553,-42.0535],[173.5652,-42.0397],[173.5751,-42.0326],[173.5826,-42.0291],[173.5926,-42.0297],[173.5964,-42.0252],[173.6007,-42.0208],[173.6037,-42.0175],[173.6054,-42.0125],[173.6068,-42.0083],[173.6101,-42.0044],[173.618,-42.0059],[173.6229,-42.0103],[173.6307,-42.0091],[173.6381,-42.0094],[173.6437,-42.0066],[173.6487,-42.0035],[173.6559,-41.9998],[173.6595,-41.9967],[173.6632,-41.9929],[173.6601,-41.9866],[173.6624,-41.9828],[173.6694,-41.9799],[173.678,-41.9778],[173.7204,-41.9593],[173.7188,-41.9566],[173.7151,-41.9522],[173.7143,-41.9493],[173.715,-41.9441],[173.7146,-41.94],[173.7185,-41.9348],[173.7235,-41.9314],[173.7242,-41.9255],[173.728,-41.9217],[173.7304,-41.9175],[173.7356,-41.9134],[173.7403,-41.9103],[173.7444,-41.9074],[173.7501,-41.9088],[173.8012,-41.949],[173.8324,-41.9313],[173.8455,-41.9317],[173.8642,-41.9287],[173.898,-41.9197],[173.9169,-41.9155],[173.9245,-41.9205],[173.9308,-41.9207],[173.9344,-41.9175],[173.9373,-41.9162],[173.94,-41.915],[173.9418,-41.9133],[173.9456,-41.9124],[173.948,-41.9126],[173.9505,-41.9133],[173.9528,-41.9129],[173.9546,-41.913],[173.9557,-41.9115],[173.957,-41.9097],[173.9591,-41.9091],[173.9599,-41.9121],[173.9617,-41.9165],[173.9637,-41.9196],[173.9647,-41.922],[173.9692,-41.9252],[174.007,-41.934],[174.0275,-41.9336],[174.0328,-41.9326],[174.0393,-41.9349],[174.0458,-41.9299],[174.0514,-41.931],[174.0548,-41.9324],[174.0589,-41.9337],[174.0575,-41.9393],[174.0599,-41.9532],[174.2305,-42.112],[174.2902,-42.0795],[174.3354,-42.0301],[174.3883,-41.9855],[174.4329,-41.9371],[174.4816,-41.8931],[174.5289,-41.8466],[174.5607,-41.7884],[174.5673,-41.7293],[174.5538,-41.6715],[174.5194,-41.6188],[174.4713,-41.5721],[174.4159,-41.5342],[174.395,-41.4804]]]]}},{"type":"Feature","properties":{"name":"Tasman","ref":"TAS"},"geometry":{"type":"MultiPolygon","coordinates":[[[[172.8976,-41.8157],[172.9085,-41.8077],[172.9128,-41.8026],[172.9179,-41.7979],[172.9256,-41.7943],[172.9392,-41.7725],[172.9264,-41.7578],[173.0575,-41.668],[173.0582,-41.6612],[173.0546,-41.653],[173.0542,-41.6439],[173.0539,-41.6364],[173.0578,-41.6288],[173.0641,-41.6242],[173.0756,-41.6253],[173.086,-41.625],[173.0994,-41.6169],[173.1062,-41.6095],[173.1207,-41.6084],[173.1259,-41.603],[173.1288,-41.5938],[173.1338,-41.5889],[173.1418,-41.5894],[173.1473,-41.5864],[173.1538,-41.5823],[173.1546,-41.5748],[173.1555,-41.5697],[173.1594,-41.565],[173.1622,-41.557],[173.1653,-41.5504],[173.17,-41.5478],[173.1734,-41.5385],[173.1689,-41.5305],[173.1721,-41.5244],[173.178,-41.5271],[173.1858,-41.5288],[173.1916,-41.5276],[173.1981,-41.524],[173.2082,-41.5194],[173.2224,-41.5187],[173.2292,-41.5202],[173.2349,-41.5201],[173.24,-41.5233],[173.2485,-41.524],[173.2534,-41.5228],[173.2596,-41.5211],[173.2703,-41.5191],[173.2792,-41.5165],[173.2876,-41.518],[173.2991,-41.5149],[173.3044,-41.5067],[173.2964,-41.5008],[173.2857,-41.4924],[173.2747,-41.4888],[173.271,-41.4823],[173.2635,-41.4771],[173.2571,-41.4697],[173.2537,-41.4627],[173.2758,-41.4425],[173.2907,-41.4291],[173.2889,-41.4172],[173.285,-41.4028],[173.2892,-41.3994],[173.2714,-41.3793],[173.2534,-41.3785],[173.2478,-41.3646],[173.2433,-41.3674],[173.2377,-41.3706],[173.2351,-41.3717],[173.2157,-41.3466],[173.1992,-41.3308],[173.2152,-41.2506],[173.2203,-41.2428],[173.3353,-40.6395],[173.3417,-40.5729],[173.3191,-40.5085],[173.2751,-40.4523],[173.213,-40.4052],[173.144,-40.3659],[173.0651,-40.3369],[172.9811,-40.3182],[172.8891,-40.3088],[172.8036,-40.3001],[172.7213,-40.2995],[172.637,-40.3015],[172.5497,-40.3201],[172.4748,-40.3523],[172.4104,-40.3942],[172.3433,-40.4375],[172.2703,-40.4783],[172.2073,-40.5246],[172.1476,-40.5719],[172.0713,-40.6042],[172.2174,-40.7759],[172.2274,-40.7875],[172.2416,-40.7993],[172.2468,-40.8122],[172.243,-40.8212],[172.2414,-40.8269],[172.2388,-40.8315],[172.2404,-40.8399],[172.2348,-40.8475],[172.232,-40.8536],[172.2309,-40.8585],[172.2338,-40.8692],[172.2412,-40.8691],[172.2505,-40.8682],[172.2529,-40.8612],[172.2631,-40.8595],[172.2662,-40.87],[172.2733,-40.8723],[172.2817,-40.8733],[172.2878,-40.8752],[172.2904,-40.8837],[172.285,-40.8936],[172.2835,-40.9013],[172.292,-40.9029],[172.2978,-40.9063],[172.3012,-40.9113],[172.2948,-40.919],[172.2978,-40.9225],[172.3076,-40.9255],[172.317,-40.9247],[172.3241,-40.9322],[172.3318,-40.9357],[172.3427,-40.9339],[172.351,-40.9319],[172.3576,-40.9347],[172.3656,-40.9358],[172.3738,-40.9349],[172.3777,-40.9372],[172.3803,-40.9436],[172.3858,-40.949],[172.3837,-40.9538],[172.3729,-40.9649],[172.3607,-40.9764],[172.3485,-40.9839],[172.3316,-40.9857],[172.3174,-41.0041],[172.3104,-41.0139],[172.3166,-41.0201],[172.3329,-41.0338],[172.3313,-41.045],[172.3232,-41.0565],[172.3315,-41.0617],[172.3441,-41.0606],[172.3505,-41.0632],[172.3502,-41.0551],[172.3605,-41.0514],[172.3609,-41.0444],[172.3709,-41.0331],[172.381,-41.0232],[172.394,-41.0249],[172.4033,-41.0269],[172.4143,-41.0322],[172.427,-41.0317],[172.4376,-41.0221],[172.4443,-41.021],[172.4636,-41.0225],[172.4783,-41.0252],[172.4916,-41.0227],[172.4951,-41.0315],[172.4962,-41.04],[172.4893,-41.0511],[172.4884,-41.0569],[172.492,-41.0642],[172.5044,-41.0654],[172.5166,-41.0717],[172.5227,-41.0818],[172.5181,-41.0911],[172.5227,-41.0968],[172.5374,-41.0979],[172.5499,-41.1016],[172.556,-41.1075],[172.5625,-41.1188],[172.5682,-41.1232],[172.5767,-41.1303],[172.5856,-41.139],[172.5923,-41.1388],[172.6001,-41.1502],[172.611,-41.1557],[172.6209,-41.1642],[172.621,-41.1756],[172.628,-41.1862],[172.6283,-41.1933],[172.6366,-41.1958],[172.6557,-41.1925],[172.6648,-41.1945],[172.669,-41.1891],[172.6835,-41.1931],[172.6919,-41.1996],[172.6911,-41.211],[172.68,-41.2204],[172.6655,-41.2302],[172.66,-41.2349],[172.6512,-41.2415],[172.6316,-41.2435],[172.6208,-41.2453],[172.6095,-41.2498],[172.6018,-41.2532],[172.5917,-41.2529],[172.5778,-41.2548],[172.5729,-41.2642],[172.5811,-41.2713],[172.5856,-41.2871],[172.5921,-41.2912],[172.6001,-41.2997],[172.5983,-41.31],[172.5887,-41.3204],[172.5893,-41.333],[172.5831,-41.3406],[172.5846,-41.3488],[172.5823,-41.3573],[172.5857,-41.3621],[172.5849,-41.3751],[172.5773,-41.3785],[172.5692,-41.379],[172.5583,-41.3841],[172.5538,-41.3937],[172.551,-41.3987],[172.5412,-41.4005],[172.5332,-41.4041],[172.5219,-41.4069],[172.5104,-41.4129],[172.5027,-41.4083],[172.4929,-41.407],[172.4799,-41.4069],[172.4692,-41.4063],[172.4633,-41.4016],[172.461,-41.3944],[172.4442,-41.4051],[172.4288,-41.409],[172.417,-41.4116],[172.4184,-41.4222],[172.4282,-41.4249],[172.4311,-41.4304],[172.428,-41.4359],[172.423,-41.4436],[172.4253,-41.4521],[172.4196,-41.4619],[172.419,-41.4702],[172.41,-41.4745],[172.4029,-41.4788],[172.3944,-41.4815],[172.3885,-41.4907],[172.3745,-41.4928],[172.3606,-41.5018],[172.3526,-41.508],[172.3425,-41.5128],[172.3442,-41.5224],[172.3454,-41.535],[172.3456,-41.5442],[172.3446,-41.5555],[172.3314,-41.5581],[172.3277,-41.5641],[172.3321,-41.574],[172.3338,-41.5846],[172.3303,-41.5954],[172.3258,-41.6051],[172.3163,-41.6121],[172.3038,-41.6161],[172.2925,-41.6251],[172.2932,-41.6324],[172.2827,-41.6359],[172.2784,-41.6345],[172.2766,-41.632],[172.2716,-41.6296],[172.2673,-41.6286],[172.2607,-41.6298],[172.2539,-41.6326],[172.2406,-41.6388],[172.2391,-41.6429],[172.24,-41.6516],[172.2427,-41.6581],[172.2496,-41.6616],[172.2528,-41.6664],[172.2504,-41.6737],[172.2535,-41.7006],[172.2429,-41.7007],[172.2354,-41.6925],[172.2265,-41.6936],[172.216,-41.69],[172.2128,-41.6929],[172.2098,-41.6998],[172.2034,-41.6957],[172.1931,-41.6935],[172.1864,-41.6937],[172.1795,-41.6992],[172.1723,-41.703],[172.1619,-41.7028],[172.1542,-41.7008],[172.1512,-41.7087],[172.1441,-41.7117],[172.1389,-41.7159],[172.1289,-41.7142],[172.1252,-41.7213],[172.1195,-41.725],[172.1158,-41.7318],[172.1204,-41.7352],[172.1246,-41.7368],[172.124,-41.7421],[172.1182,-41.7497],[172.1155,-41.7573],[172.1103,-41.7616],[172.1053,-41.7649],[172.0996,-41.7685],[172.0977,-41.7753],[172.1006,-41.7783],[172.1012,-41.7851],[172.1065,-41.7898],[172.1155,-41.7885],[172.1019,-41.8693],[172.093,-41.8778],[172.0934,-41.8847],[172.0934,-41.8899],[172.0854,-41.8931],[172.0771,-41.8963],[172.0705,-41.8929],[172.0644,-41.8972],[172.066,-41.9011],[172.0686,-41.9078],[172.0725,-41.913],[172.0756,-41.9169],[172.0771,-41.9211],[172.0727,-41.9263],[172.0678,-41.933],[172.0621,-41.9366],[172.0552,-41.9406],[172.0522,-41.9484],[172.0528,-41.955],[172.0563,-41.96],[172.0652,-41.9622],[172.0701,-41.9665],[172.0705,-41.9755],[172.0727,-41.9822],[172.0722,-41.9946],[172.0782,-42.0049],[172.0927,-42.0111],[172.1086,-42.0127],[172.1206,-42.0163],[172.1175,-42.0282],[172.1105,-42.0397],[172.1051,-42.0468],[172.1076,-42.0526],[172.1102,-42.0595],[172.1188,-42.0711],[172.1172,-42.0758],[172.1245,-42.0769],[172.1329,-42.0837],[172.1307,-42.0905],[172.1326,-42.0985],[172.1698,-42.1019],[172.1942,-42.1017],[172.2056,-42.1035],[172.2127,-42.1071],[172.2134,-42.1108],[172.2056,-42.1109],[172.2079,-42.1151],[172.2183,-42.1155],[172.217,-42.1252],[172.2477,-42.1324],[172.2507,-42.1434],[172.2552,-42.1498],[172.3229,-42.1502],[172.3346,-42.1546],[172.3405,-42.163],[172.3431,-42.1718],[172.3428,-42.1791],[172.3398,-42.1877],[172.3397,-42.1965],[172.3429,-42.2061],[172.3447,-42.2153],[172.348,-42.2256],[172.3364,-42.2339],[172.3341,-42.2409],[172.3378,-42.2435],[172.3449,-42.2486],[172.35,-42.2549],[172.3545,-42.257],[172.3562,-42.2642],[172.3549,-42.2697],[172.3514,-42.2779],[172.3593,-42.2804],[172.3682,-42.2805],[172.3808,-42.2867],[172.3866,-42.2901],[172.3965,-42.2951],[172.4053,-42.2989],[172.4178,-42.3006],[172.4291,-42.3049],[172.4402,-42.2992],[172.4449,-42.2896],[172.4526,-42.2777],[172.4606,-42.2764],[172.4708,-42.2761],[172.4788,-42.2767],[172.4813,-42.2716],[172.4881,-42.2659],[172.4987,-42.2682],[172.5075,-42.2668],[172.5163,-42.2622],[172.5181,-42.2563],[172.523,-42.2524],[172.5306,-42.2474],[172.5334,-42.2431],[172.5379,-42.2403],[172.5453,-42.2385],[172.5491,-42.233],[172.5533,-42.2284],[172.5565,-42.2249],[172.5592,-42.2201],[172.5644,-42.2173],[172.5686,-42.2153],[172.5744,-42.2157],[172.5804,-42.2152],[172.5847,-42.2161],[172.5924,-42.2134],[172.5956,-42.2096],[172.6008,-42.206],[172.607,-42.2011],[172.6108,-42.1963],[172.617,-42.1929],[172.6157,-42.1873],[172.6128,-42.1813],[172.6118,-42.1769],[172.6109,-42.1724],[172.6102,-42.1646],[172.6118,-42.1591],[172.6148,-42.1553],[172.619,-42.1497],[172.6233,-42.1455],[172.6281,-42.1402],[172.6342,-42.1377],[172.6393,-42.1339],[172.6385,-42.1293],[172.6345,-42.1257],[172.6328,-42.1192],[172.6332,-42.1113],[172.6341,-42.1063],[172.6368,-42.1016],[172.6452,-42.101],[172.654,-42.099],[172.6631,-42.0957],[172.6701,-42.093],[172.6756,-42.0897],[172.6818,-42.0889],[172.6844,-42.095],[172.6863,-42.1012],[172.6889,-42.1057],[172.6942,-42.105],[172.7011,-42.1014],[172.7098,-42.1013],[172.7182,-42.1019],[172.7232,-42.0999],[172.727,-42.0954],[172.726,-42.0886],[172.7237,-42.0811],[172.7257,-42.0748],[172.7298,-42.0715],[172.7314,-42.0667],[172.7345,-42.0577],[172.7322,-42.0509],[172.7324,-42.0442],[172.734,-42.0392],[172.735,-42.0342],[172.7403,-42.0324],[172.753,-42.0337],[172.7573,-42.0358],[172.7645,-42.0259],[172.7723,-42.023],[172.7816,-42.0048],[172.7785,-42.0001],[172.7833,-41.995],[172.7904,-41.9925],[172.7987,-41.9873],[172.8032,-41.9846],[172.8067,-41.9774],[172.8088,-41.973],[172.8116,-41.9639],[172.81,-41.9573],[172.8199,-41.9526],[172.8362,-41.9475],[172.8489,-41.9398],[172.8514,-41.9303],[172.8646,-41.91],[172.8604,-41.898],[172.8531,-41.8946],[172.8452,-41.8913],[172.8453,-41.8831],[172.8493,-41.8726],[172.8598,-41.8666],[172.8655,-41.8685],[172.869,-41.8582],[172.8718,-41.8516],[172.8725,-41.8441],[172.877,-41.8383],[172.8815,-41.8311],[172.8856,-41.8261],[172.8903,-41.8197],[172.8976,-41.8157]]]]}}]}